"cases","zip_code","total_population","total_non_hispanic","total_white_nonhispanic","total_black_nonhispanic","total_asian_alone","total_black","total_hispanic","average_household_size","pct_more_than_one_occupant_per_room","total_male","total_female","age_60_and_over","age_65_and_over","age_75_and_over","median_age","below_poverty_level","pct_below_poverty_level","household_median_income","household_mean_income","pct_services","pct_over_age_65","pct_white","pct_minority","pct_black","pct_hispanic","cases_per_1000","city"
459,11436,20077,17108,308,11991,2084,12945,2969,3.54850922773696,9,9918,10159,3246,2113,829,36.9,2213,11.1,75242,95711,0.287702783897457,0.105244807491159,0.0153409373910445,0.984659062608956,0.5972505852468,0.147880659461075,22.8619813717189,"nyc"
1208,11213,66295,59235,13651,42570,1252,46001,7060,2.61374915091701,9.1,30437,35858,10851,7603,3462,33.4,15449,23.6,41710,69062,0.269174482804497,0.114684365336752,0.205912964778641,0.794087035221359,0.642129874047817,0.106493702390829,18.2215853382608,"nyc"
1527,11212,76527,62261,907,59207,974,63695,14266,2.22267660710879,5.7,32439,44088,14705,10241,4257,37.6,26929,36.1,26239,57515,0.373825357814081,0.133822049734081,0.0118520260822978,0.988147973917702,0.77367465077685,0.186417865589923,19.9537418166137,"nyc"
1012,11225,58882,53969,14516,35980,1521,38536,4913,2.43714747977598,7,26817,32065,10880,7446,3079,34.8,10895,18.6,55862,93590,0.245553643144005,0.126456302435379,0.246526952209504,0.753473047790496,0.61105261370198,0.0834380625658096,17.1869162052919,"nyc"
1464,11218,74508,61419,39092,5637,13789,7142,13089,2.96591651250704,13.8,37538,36970,12443,8800,3406,34.2,14736,19.9,69415,104228,0.227390485162506,0.118108122617705,0.524668491974016,0.475331508025984,0.0756563053631825,0.175672411016267,19.6488967627637,"nyc"
1870,11226,100277,83132,12161,65421,2878,69703,17145,2.71206381183132,13.4,45123,55154,17827,11923,4858,34.7,17403,17.4,52052,76813,0.319722602949901,0.118900645212761,0.121274070823818,0.878725929176182,0.652402844121783,0.170976395384784,18.6483440868793,"nyc"
2421,11219,90036,79123,55723,815,22002,1246,10913,3.63894187474417,25.6,44986,45050,14575,10627,4748,27.8,31731,35.5,39295,61515,0.300773607055778,0.118030565551557,0.618896885690168,0.381103114309832,0.0090519347816429,0.121207072726465,26.8892443022791,"nyc"
1458,11210,67040,62324,19773,38113,2828,40155,4716,2.99586024161315,10.9,30595,36445,12718,8892,3302,35.6,8288,12.4,65900,102615,0.276140453263301,0.13263723150358,0.294943317422434,0.705056682577566,0.568511336515513,0.070346062052506,21.7482100238663,"nyc"
1961,11230,89075,79956,58782,6138,12547,6909,9119,2.89029177024729,15,42716,46359,18448,13740,6527,33.8,20276,22.9,49541,93905,0.272851370536202,0.154252034802133,0.659915801291047,0.340084198708953,0.0689082234072411,0.102374403592478,22.0151557676116,"nyc"
1691,11204,76978,68582,41872,851,24376,1118,8396,3.25498411084276,16.7,38466,38512,14868,10477,4876,34.7,17475,22.8,49785,79824,0.296747839748625,0.136103821871184,0.543947621398322,0.456052378601678,0.0110551066538492,0.109070123931513,21.9673153368495,"nyc"
530,10471,21896,16893,12819,2276,1262,2919,5003,2.18216445685043,3.2,10378,11518,7199,5554,3147,44.9,1885,10,85707,160369,0.105888223552894,0.25365363536719,0.585449397150164,0.414550602849836,0.103945926196566,0.228489221775667,24.2053343076361,"nyc"
397,10470,15432,12177,5590,5714,537,6227,3255,2.52039170506912,7.1,7069,8363,3596,2615,1325,40.5,1904,12.4,57160,90146,0.236785618459887,0.169453084499741,0.362234318299637,0.637765681700363,0.370269569725246,0.210925349922239,25.7257646448937,"nyc"
2095,10466,72479,56508,2074,50054,2169,54368,15971,3.02917313533581,9.3,31842,40637,13431,9090,4046,36.6,14086,19.7,51477,77077,0.334853260703247,0.12541563763297,0.0286151850880945,0.971384814911906,0.69060003587246,0.220353481698147,28.9049241849363,"nyc"
2931,10467,103732,49446,9736,31584,5916,38921,54286,2.77729663508657,15.9,49745,53987,17307,11360,4873,33.7,28506,27.9,37015,56744,0.358015651457599,0.10951297574519,0.0938572475224617,0.906142752477538,0.304476921297189,0.523329348706282,28.2555045694675,"nyc"
1627,10463,71360,34888,22584,7980,2579,13003,36472,2.40428631197267,8.1,33641,37719,18097,14115,6845,39.8,11862,17.2,58551,98513,0.252161383285303,0.197799887892377,0.316479820627803,0.683520179372197,0.11182735426009,0.51109865470852,22.7998878923767,"nyc"
1627,10463,71360,34888,22584,7980,2579,13003,36472,2.40428631197267,8.1,33641,37719,18097,14115,6845,39.8,11862,17.2,58551,98513,0.252161383285303,0.197799887892377,0.316479820627803,0.683520179372197,0.11182735426009,0.51109865470852,22.7998878923767,"nyc"
1530,10475,43208,30666,3419,24539,1186,28010,12542,2.22584359507436,6.1,18358,24850,13845,10594,5021,45,4411,10.5,50832,76817,0.230308520811314,0.245186076652472,0.0791288650249954,0.920871134975005,0.567927235697093,0.290270320311053,35.4101092390298,"nyc"
115,10464,4434,3317,2966,83,245,119,1117,2.33229793977813,1.8,2162,2272,1335,997,389,44.9,359,8.1,93365,140250,0.102032351721277,0.224853405502932,0.668921966621561,0.331078033378439,0.0187189896256202,0.25191700496166,25.935949481281,"nyc"
115,10464,4434,3317,2966,83,245,119,1117,2.33229793977813,1.8,2162,2272,1335,997,389,44.9,359,8.1,93365,140250,0.102032351721277,0.224853405502932,0.668921966621561,0.331078033378439,0.0187189896256202,0.25191700496166,25.935949481281,"nyc"
115,10464,4434,3317,2966,83,245,119,1117,2.33229793977813,1.8,2162,2272,1335,997,389,44.9,359,8.1,93365,140250,0.102032351721277,0.224853405502932,0.668921966621561,0.331078033378439,0.0187189896256202,0.25191700496166,25.935949481281,"nyc"
2588,10469,73870,52452,7907,38318,4757,41477,21418,3.17438485523385,9.8,34385,39485,16919,12216,5881,40.2,10753,15.1,63652,87782,0.301379575197188,0.165371598754569,0.107039393529173,0.892960606470827,0.51872207932855,0.289941789630432,35.0345201028834,"nyc"
2137,10468,78647,19059,2323,12763,2224,18087,59588,2.93088769078897,18,37011,41636,10776,7812,3139,32.2,24945,32.1,36046,52131,0.464189998289331,0.099329917225069,0.0295370452782687,0.970462954721731,0.162282095947716,0.757663992269254,27.1720472491004,"nyc"
1745,10458,83960,25397,6995,14617,2333,18960,58563,2.9554394839088,17.1,40415,43545,10336,6586,2438,29,28518,35.3,33932,51860,0.430595393307258,0.0784421152929967,0.083313482610767,0.916686517389233,0.174094807050977,0.697510719390186,20.7837065269176,"nyc"
596,10034,42910,12985,8628,2329,1298,5989,29925,2.66408201304753,14.4,20361,22549,8451,5779,2142,36.4,8355,19.6,54716,71361,0.32340834248079,0.134677231414589,0.201072011186204,0.798927988813796,0.0542763924493125,0.697389885807504,13.889536238639,"nyc"
1116,10033,59607,18765,14090,2448,1238,8637,40842,2.98966212090372,11.9,30216,29391,11276,8322,3653,35.8,11496,19.6,58614,78761,0.301275858622872,0.139614474810006,0.236381633029678,0.763618366970322,0.0410690019628567,0.685187981277367,18.7226332477729,"nyc"
2003,10462,76756,40273,8909,19050,9627,23923,36483,2.58499949226551,11.1,36091,40665,13226,9245,4127,36.3,14872,19.5,52409,70616,0.30485521209325,0.120446610037,0.116069102089739,0.883930897910261,0.24818906665277,0.475311376309344,26.0956798165616,"nyc"
850,10040,44571,13603,9352,2181,1257,6355,30968,2.65632779185464,11.9,20779,23792,9772,7341,3752,37.4,9557,22.3,47137,72424,0.312936073920422,0.164703506764488,0.209822530344843,0.790177469655157,0.0489331628188733,0.694801552579031,19.0706961925916,"nyc"
1998,10453,79606,24555,941,21817,1043,27063,55051,2.86035648793369,15.7,36246,43360,9909,6716,2208,30.4,32022,40.5,25275,40617,0.450052198877724,0.0843655000879331,0.0118207170313795,0.98817928296862,0.274062256613823,0.691543351003693,25.0986106574881,"nyc"
1359,10465,44205,24637,18898,3915,1254,6201,19568,2.64392522195823,3.6,21403,22802,10806,7680,3892,41.5,5141,12.2,74796,106350,0.221723695887979,0.173736002714625,0.427508200429816,0.572491799570184,0.0885646420088225,0.442664856916638,30.7431286053614,"nyc"
1690,10461,50348,26882,16754,3862,5383,5908,23466,2.60231732445712,8.2,24497,25851,10596,7838,3919,37.8,7332,14.8,56612,83716,0.255761048152673,0.155676491618336,0.332763962818781,0.667236037181219,0.0767061253674426,0.466076110272503,33.566378009057,"nyc"
1792,10457,74554,24924,1052,21964,682,31654,49630,2.89327352439717,17.9,35086,39468,9600,6754,2534,29.8,27750,38.1,27420,46260,0.459178925516303,0.0905920540816053,0.0141105775679373,0.985889422432063,0.294605252568608,0.665691981650884,24.0362690130644,"nyc"
1407,10460,59505,18146,1539,15043,888,19091,41359,2.85538619576383,12,27647,31858,9440,6612,2500,31.6,21567,36.7,26866,44664,0.427390180878553,0.11111671288127,0.025863372825813,0.974136627174187,0.252802285522225,0.695050836064196,23.6450718427023,"nyc"
1234,10032,64264,21670,9038,8737,2888,14433,42594,2.97940721892376,11.9,32163,32101,11632,8301,3873,34.7,14585,23.1,50391,72422,0.35547419804742,0.129170297522719,0.140638615710195,0.859361384289805,0.135954811402963,0.662797211502552,19.2020415784887,"nyc"
2005,10452,76078,24255,1446,20567,1027,27616,51823,2.87946260430223,18.7,34800,41278,9242,6152,2248,31.6,28044,37.2,28277,43432,0.472079389512986,0.0808643760351219,0.0190068088014932,0.980993191198507,0.270340965850837,0.681182470622256,26.354530876206,"nyc"
2141,10456,94218,36247,1133,32331,783,42254,57971,2.98141223110418,14.1,43844,50374,12959,8502,3159,30.9,35856,38.7,27106,46748,0.468437192617022,0.0902375342291282,0.0120253030206542,0.987974696979346,0.343150990256639,0.615285826487508,22.7238956462672,"nyc"
1682,10472,68796,24393,1795,16343,4483,20150,44403,3.10702654543793,15.9,33428,35368,10937,7663,3383,32.1,23421,34.4,30977,51763,0.405146891368709,0.111387289958719,0.0260916332344904,0.97390836676551,0.237557416128845,0.645429966858538,24.4490958776673,"nyc"
1067,10031,60254,29299,10485,14291,2279,26486,30955,2.72377476205656,8.5,30567,29687,10009,6548,3086,34.2,13451,22.4,49891,75008,0.303118676348054,0.108673283101537,0.174013343512464,0.825986656487536,0.237179274405019,0.513741826268795,17.7083679091845,"nyc"
438,10039,27726,18348,1872,15274,452,18406,9378,2.44243086529884,6.5,11816,15910,4020,2598,1201,33.7,7148,25.8,39653,58199,0.278310140821598,0.0937026617615235,0.0675178532785111,0.932482146721489,0.550890860564091,0.338238476520234,15.7974464401645,"nyc"
1293,10459,48351,15521,791,13962,356,17790,32830,2.90493834696618,10.2,23004,25347,6897,4864,2338,31.3,16462,34.3,27687,48578,0.40116247189779,0.100597712560237,0.0163595375483444,0.983640462451656,0.288763417509462,0.678993195590577,26.7419494943228,"nyc"
1418,10451,47798,19562,1264,16912,557,20867,28236,2.4879579563876,10,22334,25464,8157,6020,2808,34.1,16967,35.5,28921,51850,0.410934931325237,0.125946692330223,0.0264446211138541,0.973555378886146,0.35382233566258,0.590736014059166,29.6665132432319,"nyc"
1695,10473,59609,23344,1535,19922,918,25936,36265,2.83120802483879,6.5,26916,32693,12239,8779,3729,36.1,15182,25.7,41638,67745,0.346236559139785,0.147276417990572,0.0257511449613313,0.974248855038669,0.334211276820614,0.60838128470533,28.4353033937828,"nyc"
426,10030,29882,22227,3217,17098,536,20149,7655,2.29385992462312,7.8,13233,16649,5003,3319,1662,36.1,8777,29.4,37232,86144,0.287515134249697,0.111070209490663,0.107656783347835,0.892343216652165,0.572183923432167,0.256174285523057,14.2560738906365,"nyc"
847,10027,64548,48121,16194,23723,6121,26969,16427,2.40359455713746,5.4,29804,34744,9343,6562,2944,31,16555,28.6,46113,97728,0.1808533996926,0.10166077957489,0.250883063766499,0.749116936233501,0.367524942678317,0.2544927805664,13.1220177232447,"nyc"
285,10474,12127,4439,147,4229,9,5151,7688,3.17964736238532,16.9,6430,5697,1478,913,335,30.2,4820,42.9,25493,47042,0.417671671178932,0.0752865506720541,0.0121217118825761,0.987878288117424,0.348725983342954,0.633957285396223,23.5012781396883,"nyc"
1091,10455,42283,11911,563,10288,521,13540,30372,2.85499826400944,12.3,20172,22111,5622,3870,1687,30.6,16515,39.6,26801,44953,0.429582359259493,0.0915261452593241,0.0133150438710593,0.986684956128941,0.243312915356053,0.718302864035192,25.8023319064399,"nyc"
369,10037,21139,16622,1247,14335,528,15990,4517,2.13744425033398,7,9399,11740,4092,3075,1667,35.3,5249,25.1,45041,64197,0.204222914503288,0.145465726855575,0.058990491508586,0.941009508491414,0.678130469747859,0.213680874213539,17.455887222669,"nyc"
571,10024,59001,52581,45305,1731,4274,2744,6420,2.02359117943724,2.3,26607,32394,15431,11479,4755,43.1,4197,7.2,131668,375977,0.0517529696690116,0.194556024474161,0.767868341214556,0.232131658785444,0.0293384857883765,0.108811715055677,9.67780207115134,"nyc"
975,10454,38203,12247,888,10753,130,12941,25956,2.82234905445432,14.1,18469,19734,4601,3212,1644,29.6,17330,45.9,21149,41597,0.479353011329755,0.0840771667146559,0.0232442478339397,0.97675575216606,0.281470041619768,0.679423081956914,25.5215558987514,"nyc"
561,10026,39363,30974,7744,19796,2308,22257,8389,2.47522447923405,4.4,18124,21239,5860,4113,1754,35.1,9804,25.2,58884,107008,0.201508510855163,0.104488987119884,0.196732972588471,0.803267027411529,0.502908823006377,0.213118918781597,14.251962502858,"nyc"
800,10035,35743,19808,3638,13227,1583,15618,15935,2.26908026060438,7.9,17697,18046,6254,4521,2067,36.3,13064,37.6,30081,58332,0.282671272308578,0.126486305010771,0.101782167137621,0.898217832862379,0.370058472987718,0.445821559466189,22.3820048680861,"nyc"
800,10035,35743,19808,3638,13227,1583,15618,15935,2.26908026060438,7.9,17697,18046,6254,4521,2067,36.3,13064,37.6,30081,58332,0.282671272308578,0.126486305010771,0.101782167137621,0.898217832862379,0.370058472987718,0.445821559466189,22.3820048680861,"nyc"
1096,10025,92805,71069,50675,9197,8271,14041,21736,2.09293104271057,3.6,41890,50915,25020,18590,7392,41.3,12890,14.6,85930,221643,0.115908474646977,0.200312483163623,0.54603739022682,0.45396260977318,0.0991002639943969,0.234211518775928,11.8097085286353,"nyc"
707,11357,39902,33662,23849,187,8770,508,6240,2.73614536686187,2.3,18957,20945,11689,8641,4121,45.5,2358,6,83951,111910,0.168442801217921,0.216555561124756,0.597689338880257,0.402310661119743,0.00468648188060749,0.15638313868979,17.7184101047567,"nyc"
1548,10029,79597,41475,12310,20558,7395,25714,38122,2.39965604291575,7.7,36356,43241,15322,10705,5415,35.1,25526,33.2,34016,76698,0.247729175062777,0.134489993341458,0.154654069877005,0.845345930122995,0.258276065680867,0.478937648403834,19.4479691445658,"nyc"
478,11356,23362,13945,6189,355,6771,496,9417,3.1308010197236,7.5,11624,11738,4517,3036,1448,37.1,2856,12.3,60493,82604,0.319022945965951,0.129954627172331,0.264917387209999,0.735082612790001,0.015195616813629,0.403090488828011,20.4605770053934,"nyc"
287,11360,19621,17703,10832,149,6357,313,1918,2.28,2.3,9073,10548,6686,5290,2879,48.5,1582,8.1,86174,123086,0.132918426316959,0.269609092299067,0.552061566688752,0.447938433311248,0.00759390449008715,0.097752408134142,14.6271851587585,"nyc"
431,11105,37382,29170,22775,791,4548,1308,8212,2.4274035019202,6.5,18814,18568,6517,4830,2452,35.4,3969,10.6,73959,107126,0.186128456735058,0.129206570006955,0.609250441388904,0.390749558611096,0.0211599165373709,0.219677919854475,11.5296131828153,"nyc"
555,10128,59256,51949,42129,1766,5781,2808,7307,1.92270600501776,3.9,25338,33918,14492,10998,4881,39.5,3686,6.2,114010,298667,0.0504356568364611,0.185601458080194,0.710965978128797,0.289034021871203,0.0298028891589037,0.123312407182395,9.36614013770757,"nyc"
496,10023,62435,55873,45242,2348,6637,3088,6562,1.80433739945983,3.1,27151,35284,17612,14025,5928,43.3,5014,8.2,130452,331875,0.052281155185976,0.224633618963722,0.72462561063506,0.27537438936494,0.0376071113958517,0.105101305357572,7.94426203251381,"nyc"
89,11363,6952,6038,3531,112,2264,146,914,2.61472378804961,3.2,3341,3611,1898,1499,702,47.8,409,5.9,104792,151973,0.0765481651376147,0.215621403912543,0.507911392405063,0.492088607594937,0.0161104718066743,0.131472957422325,12.8020713463751,"nyc"
427,10028,47793,44260,38688,392,4506,881,3533,1.88579824630698,3.8,20516,27277,11482,8873,4066,38.9,2403,5,125140,370171,0.027365687388411,0.185654803004624,0.809490929634047,0.190509070365953,0.00820203795534911,0.0739229594292051,8.93436277279099,"nyc"
945,11354,55200,46397,9060,1670,34571,2134,8803,2.65642601431981,9.8,25033,30167,14691,11194,5729,45.5,10670,20,42500,67340,0.307887435592548,0.202789855072464,0.164130434782609,0.835869565217391,0.0302536231884058,0.159474637681159,17.1195652173913,"nyc"
525,11102,30800,21328,13229,2659,4650,3375,9472,2.33530523255814,6.7,15375,15425,4970,3631,1510,33.7,5345,17.5,64067,94047,0.211940468075437,0.11788961038961,0.429512987012987,0.570487012987013,0.0863311688311688,0.307532467532468,17.0454545454545,"nyc"
1219,11370,32514,20361,8236,4484,7138,5064,12153,3.1710972100588,11.7,19284,13230,5558,4066,1904,37.5,3335,13.2,65098,103144,0.307811228641172,0.125053822968567,0.253306268069139,0.746693731930861,0.137909823460663,0.373777449713969,37.4915421049394,"nyc"
1219,11370,32514,20361,8236,4484,7138,5064,12153,3.1710972100588,11.7,19284,13230,5558,4066,1904,37.5,3335,13.2,65098,103144,0.307811228641172,0.125053822968567,0.253306268069139,0.746693731930861,0.137909823460663,0.373777449713969,37.4915421049394,"nyc"
494,10021,46215,42551,36643,270,4333,681,3664,1.8235349655945,3.2,21010,25205,12381,10250,5045,41,2185,4.8,118289,363052,0.0243717257611419,0.221789462295791,0.792881099210213,0.207118900789787,0.00584225900681597,0.0792816185221249,10.6891701828411,"nyc"
496,11358,37190,30929,12476,184,17473,585,6261,2.84866968256402,4.8,18368,18822,9401,7134,3126,43.9,3660,9.9,66129,99110,0.229463490650045,0.191825759612799,0.335466523258941,0.664533476741059,0.00494756655014789,0.168351707448239,13.3369185264856,"nyc"
274,11362,18721,17062,8289,150,8098,405,1659,2.5839295203468,2.9,8786,9935,6157,4835,2364,49.4,1113,6,89185,121161,0.15641199008339,0.258266118262913,0.442764809572138,0.557235190427862,0.00801239250040062,0.0886170610544309,14.6359703007318,"nyc"
183,10044,11682,10129,4448,1296,3958,1541,1553,2.13042965459141,10.1,5498,6184,2973,2238,1158,42.2,1174,11.6,100441,157678,0.061622026596741,0.191576784797124,0.380756719739771,0.619243280260229,0.110939907550077,0.132939565142955,15.6651258346174,"nyc"
1360,11369,34118,12417,2747,5063,4196,6112,21701,3.21718088206722,14.4,16785,17333,6958,5247,2423,38.3,5189,15.5,54121,77080,0.370670644700999,0.1537897883815,0.0805146843308518,0.919485315669148,0.148396740723372,0.636057213201243,39.8616566035524,"nyc"
464,11103,36140,27936,20953,684,5332,1318,8204,2.30209128630705,5.5,17586,18554,5507,4085,1824,33.8,4324,12,71437,89938,0.213138815994307,0.113032650802435,0.579773104593248,0.420226895406752,0.0189263973436635,0.227006087437742,12.8389596015495,"nyc"
552,11106,38363,27519,15779,2296,7951,3431,10844,2.24484463276836,7.4,18799,19564,6919,5210,2340,35.5,5147,13.4,63703,90513,0.224933591463689,0.135807939942132,0.411307770508042,0.588692229491958,0.0598493339936918,0.282668195917942,14.3888642702604,"nyc"
3744,11368,112425,27557,4409,9291,12613,12777,84868,3.91633850256122,29.6,58465,53960,14434,9719,4010,32.4,22387,20.2,50797,60283,0.463325363251793,0.086448743606849,0.0392172559484101,0.96078274405159,0.0826417611741161,0.754885479208361,33.3022014676451,"nyc"
1853,11377,86421,53521,18107,1624,31843,2812,32900,2.73829299363057,13,44369,42052,17472,13105,5535,40,9683,11.2,57010,77034,0.382428883543354,0.151641383460039,0.209520834056537,0.790479165943463,0.0187917288621978,0.380694507122112,21.4415477719536,"nyc"
1069,11355,80853,68910,6043,2306,58718,3413,11943,2.91639643555749,16.1,38656,42197,19586,14244,6673,42.8,18195,22.6,39207,61562,0.367897070424068,0.176171570628177,0.0747405785808814,0.925259421419119,0.0285208959469655,0.147712515305555,13.2215254845213,"nyc"
539,11101,30043,22135,9746,4350,6773,5395,7908,2.23725415749108,7.5,15297,14746,3997,2505,1035,34.1,5497,18.6,65392,115351,0.213206627680312,0.083380487967247,0.324401690909696,0.675598309090304,0.14479246413474,0.263222714109776,17.9409513031322,"nyc"
422,11364,36806,33280,12523,770,19103,1194,3526,2.70940903054449,4,18053,18753,9478,6697,2681,44.8,3010,8.2,76988,108068,0.168588447456145,0.181954029234364,0.340243438569798,0.659756561430202,0.0209205020920502,0.0957995978916481,11.465521925773,"nyc"
193,10018,9687,8216,4611,432,2867,561,1471,1.8881609421001,6.6,5144,4543,1007,703,284,32.8,1490,15.5,108914,196114,0.107555956136398,0.0725714875606483,0.475998761226386,0.524001238773614,0.0445958501083927,0.151852998864458,19.9236089604625,"nyc"
125,10017,15801,14869,10825,354,3352,478,932,1.57361433619384,5.2,7134,8667,4237,3363,1098,39.7,975,6.2,127506,286117,0.0371384250387809,0.212834630719575,0.685083222580849,0.314916777419151,0.0224036453389026,0.058983608632365,7.9108917157142,"nyc"
311,10001,22924,19678,12182,1289,5731,1687,3246,1.75738315501569,3.1,11671,11253,4825,3400,1807,36.7,2912,13.3,88526,196505,0.128272980501393,0.148316175187576,0.531408131216193,0.468591868783807,0.0562292793578782,0.141598324899668,13.5665677892165,"nyc"
463,10011,50472,44768,36075,2382,4627,3582,5704,1.67892302938753,4.3,26058,24414,11714,8166,3596,40.6,5483,11.1,128613,348111,0.0510438071413681,0.161792677127913,0.714752734189253,0.285247265810747,0.0471944840703757,0.113013155809162,9.17340307497226,"nyc"
605,10016,51057,47514,33836,1780,9748,2744,3543,1.70849218425785,3.7,24165,26892,9548,7422,3390,33.5,4816,9.7,117004,273083,0.0329908840978151,0.145366942828603,0.662710304169849,0.337289695830151,0.034862996259083,0.0693930313179388,11.8495015374973,"nyc"
417,11104,26119,17909,11361,321,5710,670,8210,2.24802220500904,10.6,12954,13165,4868,3358,1525,37.8,3131,12,61269,93082,0.248305197394656,0.128565412152073,0.434970710976684,0.565029289023316,0.0122899039013745,0.314330563957272,15.9653891802902,"nyc"
46,11109,5981,5648,3719,248,1500,287,333,2.02038930264049,6.5,2895,3086,217,99,0,32.7,332,5.6,148590,224616,0.0278558052434457,0.0165524159839492,0.621802374184919,0.378197625815081,0.0414646380203979,0.0556763083096472,7.69102156829962,"nyc"
234,10010,33730,30027,21570,1728,5773,2108,3703,1.85567541183649,3.4,17370,16360,5824,4723,1829,34.7,3952,12.7,117923,281159,0.0540238811765848,0.140023717758672,0.639490068188556,0.360509931811444,0.0512303587310999,0.10978357545212,6.93744441150311,"nyc"
895,11367,41824,34358,19408,3075,10655,3930,7466,2.8,8.9,20114,21710,9886,6677,2644,36.4,5806,14.2,57933,86185,0.20563623603088,0.159645179801071,0.464039785768937,0.535960214231064,0.0735223794950268,0.178509946442234,21.3991966335119,"nyc"
266,10014,30738,28691,25787,311,1725,529,2047,1.66650556805091,2.2,15513,15225,6490,4582,1874,38.3,1928,6.4,126601,341450,0.0466793353798178,0.149066302296831,0.838929012948142,0.161070987051858,0.0101177695360791,0.0665950940204307,8.6537835903442,"nyc"
399,10003,54682,50176,38521,2961,7366,3491,4506,1.7024659317103,3.5,27503,27179,9253,6433,2993,32.3,3812,8.5,112131,306152,0.066277705747978,0.117643831608207,0.70445484803043,0.29554515196957,0.0541494458871292,0.0824037160308694,7.29673384294649,"nyc"
383,11222,36492,31295,26794,1345,1819,1983,5197,2.10255331478906,4.3,18000,18492,5390,3788,1633,34.8,3850,10.6,85111,119619,0.131375710769753,0.103803573385948,0.734243121780116,0.265756878219884,0.0368573934012934,0.14241477584128,10.4954510577661,"nyc"
878,10002,74993,54603,16472,5249,30847,7645,20390,2.18400715563506,8.3,36230,38763,21188,15810,8099,43.6,20565,27.7,35859,71841,0.275438387212215,0.21081967650314,0.219647167068926,0.780352832931074,0.0699931993652741,0.271892043257371,11.7077593908765,"nyc"
646,11378,37279,25272,20160,531,3832,1047,12007,2.93753094255792,7.7,18168,19111,6930,4700,2157,37.7,3524,9.5,73333,102483,0.254126700869953,0.126076343249551,0.540787038278924,0.459212961721076,0.0142439443118109,0.322084819871778,17.3287910083425,"nyc"
610,10009,57925,43578,29677,4936,7428,6539,14347,1.92379843918192,4.4,26519,31406,12204,8837,3504,37.1,13560,23.4,61548,116167,0.117599376461419,0.152559343979284,0.512334915839448,0.487665084160552,0.0852136383254208,0.247682347863617,10.5308588692274,"nyc"
145,10012,23411,21917,16332,596,4055,977,1494,1.82834731334607,7.9,11579,11832,4430,3322,1106,33.9,2591,11.6,109037,243647,0.048658172946598,0.141899107257272,0.697620776558028,0.302379223441972,0.0254581179787279,0.0638161547990261,6.19366964247576,"nyc"
217,10013,28709,26981,15042,1044,9545,1546,1728,2.23639579509428,9.7,14029,14680,6193,4452,2204,38,3093,11.5,105442,314885,0.142228739002933,0.155073321954788,0.52394719425964,0.47605280574036,0.0363649029920931,0.0601901842627747,7.55860531540632,"nyc"
49,10007,7023,6443,5056,294,826,387,580,2.25520322226291,6.3,4118,2905,692,434,76,36,145,2.3,246813,458884,0.036191974822974,0.0617969528691442,0.719920261996298,0.280079738003702,0.0418624519436138,0.0825857895486259,6.97707532393564,"nyc"
797,11237,49310,18258,9791,3718,3557,7451,31052,2.85985663082437,13.1,25382,23928,4821,3316,1295,30.3,14680,29.9,51413,57318,0.314476378251308,0.0672480227134455,0.198560129791117,0.801439870208883,0.0754005272764145,0.629730277834111,16.1630500912594,"nyc"
1836,11385,106717,59471,49227,1710,7101,3222,47246,3.0324631327222,6.5,53086,53631,17004,11104,5114,35.4,12045,11.3,72261,88019,0.311534341582091,0.1040509009811,0.461285455925485,0.538714544074515,0.0160236888218372,0.442722340395626,17.2043816823936,"nyc"
218,10038,22800,19582,10249,1558,7069,2461,3218,2.10591772771792,7.3,10696,12104,5252,3865,1955,36.2,4125,19,86058,147002,0.111835138877576,0.169517543859649,0.449517543859649,0.550482456140351,0.0683333333333333,0.141140350877193,9.56140350877193,"nyc"
1306,11206,88349,55552,29534,18491,5966,25356,32797,2.82910250628181,10.7,42822,45527,12294,9079,3857,29.3,32154,36.6,36404,54324,0.270492244722102,0.102762906201542,0.334287881017329,0.665712118982671,0.209294955234355,0.371220953264893,14.7822838968183,"nyc"
21,10006,3454,3040,2183,36,687,71,414,1.92759197324415,10.9,1633,1821,126,16,0,31.8,164,4.7,176250,263224,0.0381564034756328,0.00463231036479444,0.632020845396642,0.367979154603358,0.0104226983207875,0.119861030689056,6.0799073537927,"nyc"
1127,11412,37458,35549,286,33065,867,34470,1909,3.38699248120301,5.5,17167,20291,7769,5506,2335,40.5,3077,8.3,78517,103596,0.30430667297681,0.146991296919216,0.00763521811095093,0.992364781889049,0.882721981953121,0.0509637460622564,30.0870308078381,"nyc"
54,10005,8831,8223,6132,219,1497,327,608,2.01553040695016,13.3,4003,4828,147,112,28,30.1,840,9.5,173333,292722,0.0239574090505768,0.0126825954025592,0.694372098290114,0.305627901709886,0.0247990035103612,0.068848375042464,6.11482278337674,"nyc"
28,10004,3028,2916,1834,47,899,67,112,1.82544906570223,3.8,1267,1761,415,228,61,37.1,66,2.2,157645,305243,0.0163776493256262,0.0752972258916777,0.605680317040951,0.394319682959049,0.0155217965653897,0.0369881109643329,9.24702774108322,"nyc"
28,10004,3028,2916,1834,47,899,67,112,1.82544906570223,3.8,1267,1761,415,228,61,37.1,66,2.2,157645,305243,0.0163776493256262,0.0752972258916777,0.605680317040951,0.394319682959049,0.0155217965653897,0.0369881109643329,9.24702774108322,"nyc"
28,10004,3028,2916,1834,47,899,67,112,1.82544906570223,3.8,1267,1761,415,228,61,37.1,66,2.2,157645,305243,0.0163776493256262,0.0752972258916777,0.605680317040951,0.394319682959049,0.0155217965653897,0.0369881109643329,9.24702774108322,"nyc"
28,10004,3028,2916,1834,47,899,67,112,1.82544906570223,3.8,1267,1761,415,228,61,37.1,66,2.2,157645,305243,0.0163776493256262,0.0752972258916777,0.605680317040951,0.394319682959049,0.0155217965653897,0.0369881109643329,9.24702774108322,"nyc"
602,11411,20759,19390,207,18790,58,19475,1369,3.30754385964912,3,9582,11177,5221,3979,1798,44.2,867,4.2,93882,119864,0.287805799565505,0.191675899609808,0.00997157859241775,0.990028421407582,0.905149573678886,0.0659472999662797,28.9994701093502,"nyc"
539,11201,62823,55556,36991,7900,7408,10030,7267,2.0570648804646,5.6,30042,32781,10147,7202,3272,35.2,7709,13,124996,253811,0.0605681565488103,0.114639542842589,0.588813014341881,0.411186985658119,0.125750123362463,0.115674195756331,8.57966031548955,"nyc"
607,11205,46064,37911,19470,13586,3138,15686,8153,2.66686203510495,10,21340,24724,5283,3438,1191,29.8,12957,29.2,56708,99184,0.216201038888109,0.0746352900312608,0.422672803056617,0.577327196943383,0.294937478291073,0.176992879472039,13.1773185133727,"nyc"
1927,11208,98660,57904,2388,48148,5621,54888,40756,3.04631428482645,19.7,45869,52791,14081,8934,3242,32.5,25327,25.8,40733,64332,0.373674956041196,0.0905534157713359,0.0242043381309548,0.975795661869045,0.488019460774377,0.413095479424285,19.5317251165619,"nyc"
1728,11207,91972,61367,3695,54049,1295,60644,30605,2.69265944645006,8.6,41188,50784,15435,10508,4493,34.1,26291,28.9,37243,62410,0.345461179598113,0.114252163701996,0.0401752707345714,0.959824729265429,0.587667985908755,0.332764319575523,18.7883268820946,"nyc"
1159,11413,42443,40363,632,38209,480,39730,2080,3.41578828099709,4.8,19773,22670,9588,6918,3091,39.8,3329,7.9,86324,107703,0.284075638318295,0.162995075748651,0.0148905591027967,0.985109440897203,0.900242678415758,0.0490069033762929,27.3072120255401,"nyc"
490,11217,41407,33736,21072,7745,3119,8922,7671,2.32661775663438,5.6,19458,21949,6394,4327,1686,35,5961,14.6,107362,202681,0.0962700742531514,0.104499239259062,0.508899461443717,0.491100538556283,0.187045668606757,0.185258531166228,11.8337479170189,"nyc"
654,11238,54540,48593,23185,19319,3319,22012,5947,2.17433820833503,3.7,25481,29059,9505,6644,2639,35.8,7014,13,85407,146999,0.123988385741645,0.121818848551522,0.425100843417675,0.574899156582325,0.354217088375504,0.109039237257059,11.991199119912,"nyc"
361,11231,37845,30798,21942,4606,2012,6013,7047,2.40856515093619,6.7,17577,20268,5677,4025,1605,35.9,5799,15.3,100213,193625,0.0891995423113278,0.10635486854274,0.579785969084423,0.420214030915577,0.121706962610649,0.186206896551724,9.53890870656626,"nyc"
361,11231,37845,30798,21942,4606,2012,6013,7047,2.40856515093619,6.7,17577,20268,5677,4025,1605,35.9,5799,15.3,100213,193625,0.0891995423113278,0.10635486854274,0.579785969084423,0.420214030915577,0.121706962610649,0.186206896551724,9.53890870656626,"nyc"
861,11422,32082,29012,1053,26471,638,27832,3070,3.32077385268828,4.5,14880,17202,6295,4158,1671,38.4,2320,7.3,89235,106889,0.259625172145381,0.129605386197868,0.0328221432579016,0.967177856742098,0.825104419923945,0.0956922885106914,26.8374789601646,"nyc"
1189,11420,48489,36829,2367,11167,15013,13606,11660,3.67776730754617,8.1,23765,24724,8989,5691,2499,39.2,5825,12.1,67932,93398,0.293536121673004,0.11736682546557,0.0488151951989111,0.951184804801089,0.23029965559199,0.240466910020829,24.5210253872012,"nyc"
772,11417,31927,19625,6244,1844,9131,3159,12302,3.52057947019868,8,15311,16616,5723,3977,1400,38.3,4521,14.2,73424,92976,0.302469546695068,0.124565414852633,0.19557114667836,0.80442885332164,0.0577567576032825,0.385316503273092,24.1801609922636,"nyc"
534,11215,70156,58728,46961,2636,5531,4752,11428,2.43734450846866,4.8,33597,36559,10204,7291,2864,36,4957,7.1,123583,214090,0.0811196248579923,0.103925537373853,0.669379668168083,0.330620331831917,0.03757340783397,0.162894121671703,7.6116084155311,"nyc"
426,11232,27602,13628,6141,1372,5268,2467,13974,2.90017249205629,18.1,14304,13298,3295,2212,848,33.8,5494,21.6,56661,76665,0.332267420242433,0.0801391203535976,0.222483877979857,0.777516122020143,0.0497065430041301,0.50626766176364,15.4336642272299,"nyc"
1758,11203,75451,70605,2881,65073,1339,67977,4846,2.65750189114225,6.4,33245,42206,18009,13551,6192,39.8,12075,16.3,51277,77830,0.307224944831342,0.179600005301454,0.0381837218857272,0.961816278114273,0.862453777948602,0.064227114286093,23.2998899948311,"nyc"
438,11239,13244,10737,2487,7778,284,8166,2507,1.94621082199882,4.1,5406,7838,4613,3838,1949,46.8,3765,28.5,27104,48013,0.309596889707387,0.289791603745092,0.187783147085473,0.812216852914527,0.587284808215041,0.18929326487466,33.0715795832075,"nyc"
2328,11236,100331,93165,4333,84496,2679,87662,7166,2.96693407848086,7.2,43752,56579,20374,13606,5042,37.9,12698,12.8,67669,92992,0.295580733061526,0.13561112716907,0.0431870508616479,0.956812949138352,0.842172409325134,0.0714235879239717,23.2031974165512,"nyc"
1277,11220,95643,55803,13452,1557,39441,3363,39840,3.39459566285653,23.2,48315,47328,15206,10533,4735,34.3,27959,29.4,47079,64713,0.430130220026942,0.110128289576864,0.140648034879709,0.859351965120291,0.016279288604498,0.416549041749004,13.3517350982299,"nyc"
1016,10301,38733,29142,16456,8200,2320,11640,9591,2.52184001656429,5.9,18449,20284,8346,5766,2431,38.2,8477,23,55802,95836,0.1884310427679,0.148865308651537,0.424857356775876,0.575142643224124,0.211705780600522,0.247618309968244,26.2308625719671,"nyc"
760,10303,25947,15844,4581,8543,2099,9784,10103,3.16044384502207,10.2,12810,13137,3771,2434,838,33.1,6542,25.3,62558,81195,0.294206739871261,0.0938066057733071,0.176552202566771,0.823447797433229,0.329248082629977,0.389370640151077,29.2904767410491,"nyc"
2014,11234,95666,85643,35900,41699,6351,44625,10023,2.99881545468824,6.8,45456,50210,22842,16103,6723,40.3,7639,8,81399,112459,0.23718452929411,0.168325214809859,0.375263939121527,0.624736060878473,0.435881086279347,0.104770764953066,21.0524115150628,"nyc"
564,10302,18204,10725,5681,3502,1269,4029,7479,2.93874776386404,4.1,9313,8891,2769,1874,708,34.9,2973,16.4,64103,94357,0.28406020841374,0.102944407822457,0.312074269391343,0.687925730608657,0.1923753021314,0.410843770599868,30.982201713909,"nyc"
294,11693,12919,9109,6065,2075,521,2914,3810,2.60589886480908,4.5,6308,6611,2485,1589,562,39.5,1796,14,59431,88947,0.259353202282815,0.122997136001238,0.469463580772506,0.530536419227494,0.160616146760585,0.294914467064014,22.7571793482468,"nyc"
294,11693,12919,9109,6065,2075,521,2914,3810,2.60589886480908,4.5,6308,6611,2485,1589,562,39.5,1796,14,59431,88947,0.259353202282815,0.122997136001238,0.469463580772506,0.530536419227494,0.160616146760585,0.294914467064014,22.7571793482468,"nyc"
294,11693,12919,9109,6065,2075,521,2914,3810,2.60589886480908,4.5,6308,6611,2485,1589,562,39.5,1796,14,59431,88947,0.259353202282815,0.122997136001238,0.469463580772506,0.530536419227494,0.160616146760585,0.294914467064014,22.7571793482468,"nyc"
294,11693,12919,9109,6065,2075,521,2914,3810,2.60589886480908,4.5,6308,6611,2485,1589,562,39.5,1796,14,59431,88947,0.259353202282815,0.122997136001238,0.469463580772506,0.530536419227494,0.160616146760585,0.294914467064014,22.7571793482468,"nyc"
981,11209,67809,56368,43770,1833,9044,2916,11441,2.2979830699389,8.4,32504,35305,16094,11492,5221,40.6,8978,13.3,72314,122678,0.164007657945118,0.169476028255836,0.645489536787152,0.354510463212848,0.0270318099367341,0.168723915704405,14.4671061363536,"nyc"
1233,10304,41064,30701,15539,10335,3918,11936,10363,2.81903753880892,5.7,20233,20831,8722,5840,2563,38.1,8564,21.5,52199,108490,0.253789937790663,0.142217027079681,0.378409312293006,0.621590687706994,0.251680303915839,0.25236216637444,30.0263004091175,"nyc"
2421,10314,90761,77035,56696,3352,14904,4427,13726,2.85645558318985,4.9,43762,46999,21563,15645,6313,40.8,8558,9.5,86742,116742,0.19896471274424,0.172375800178491,0.624673593283459,0.375326406716541,0.0369321624927006,0.151232357510384,26.6744526834213,"nyc"
568,11228,44994,39156,22126,396,15917,692,5838,2.92754867372272,8.9,22024,22970,10828,7825,3950,41.1,6165,13.8,67911,106252,0.241397744945568,0.173912077165844,0.491754456149709,0.508245543850291,0.00880117348979864,0.129750633417789,12.6239054096102,"nyc"
1101,10305,42298,35378,26370,2628,5405,3239,6920,2.8229666507536,6.3,20145,22153,9210,6298,2896,39.5,5365,12.9,76489,102939,0.211953305718436,0.148895928885526,0.623433732091352,0.376566267908648,0.0621305971913566,0.163601115892004,26.029599508251,"nyc"
1329,11229,83615,74576,49672,4267,18445,5488,9039,2.69422025463711,8.8,40272,43343,21129,14926,6438,40.8,12184,14.6,60873,97025,0.252073537957631,0.178508640794116,0.594056090414399,0.405943909585601,0.0510315134844226,0.108102613167494,15.8942773425821,"nyc"
1306,11214,92946,77673,39676,1143,34742,1660,15273,2.87982713807033,13.5,45577,47369,20589,15351,7241,39.6,16168,17.5,54041,81778,0.313870817843866,0.16516041572526,0.426871516794698,0.573128483205302,0.0122974630430573,0.16432121877219,14.0511694962667,"nyc"
1935,11691,67094,49406,16075,29701,2320,32786,17688,3.12273477711955,10.6,30803,36291,11796,8316,3915,31.1,13848,21.4,46147,77919,0.338575033973986,0.12394550928548,0.239589233016365,0.760410766983635,0.442677437624825,0.26363013086118,28.8401347363401,"nyc"
1448,11223,81789,68092,42631,2861,19745,4443,13697,2.92601545174905,12.2,40113,41676,17944,12892,6202,36.5,16552,20.3,50108,86851,0.293134636919631,0.157625108510924,0.52123146144347,0.47876853855653,0.0349802540683955,0.16746750785558,17.7040922373424,"nyc"
510,11692,20991,15869,2093,11961,1199,12998,5122,2.94839471753485,8,9755,11236,3634,2566,978,34.2,5135,25.4,44024,69356,0.295017204027017,0.122242865990186,0.0997093992663522,0.900290600733648,0.56981563527226,0.244009337335048,24.2961269115335,"nyc"
1730,11235,78128,71637,56160,1812,11260,2303,6491,2.38080603675354,11.7,37432,40696,23688,18363,9382,45.1,14999,19.4,52538,95275,0.285513401018084,0.235037374564817,0.718820397296744,0.281179602703256,0.023192709399959,0.0830816096661888,22.1431497030514,"nyc"
1312,10306,53142,45327,39656,1651,3100,2597,7815,2.62989603638726,2.6,24906,28236,13358,9461,4451,43.9,5191,9.9,79569,113762,0.215749296906388,0.178032441383463,0.746227089684242,0.253772910315758,0.0310677053930977,0.147058823529412,24.6885702457567,"nyc"
622,11694,21354,18171,15589,1283,742,1522,3183,2.35580184222957,3.6,10932,10422,5990,4368,1898,48.5,2009,9.9,80976,143875,0.126706891076532,0.204551840404608,0.730027161187599,0.269972838812401,0.0600824201554744,0.149058724360775,29.1280322187881,"nyc"
950,11224,46707,37191,23843,9636,2753,11121,9516,2.42778638184246,6.1,20929,25778,15243,12070,6208,45.5,12792,27.9,33131,65896,0.308173105541997,0.258419508853063,0.510480227803113,0.489519772196887,0.20630740574218,0.203738197700559,20.3395636628343,"nyc"
587,10308,30186,27298,25268,310,1502,439,2888,2.83219947407964,2.1,14569,15617,7516,5360,2353,42.9,1769,5.9,93963,120818,0.174680066517244,0.177565758961108,0.837076790565163,0.162923209434837,0.0102696614324521,0.0956734910223282,19.4461008414497,"nyc"
85,11697,3540,3311,3243,21,20,21,229,2.58589743589744,1.8,1699,1841,1192,899,446,49.1,110,3.1,103580,155510,0.125827814569536,0.253954802259887,0.916101694915254,0.0838983050847457,0.00593220338983051,0.0646892655367232,24.0112994350282,"nyc"
1384,10312,61741,55507,50629,749,3356,1046,6234,2.88093443082967,2.2,29882,31859,14646,10607,3720,41.6,3995,6.5,95064,125305,0.148834282917963,0.171798318783304,0.820022351435837,0.179977648564163,0.0121313227838875,0.100970181888858,22.4162226073436,"nyc"
779,10309,33531,30424,28515,193,1206,313,3107,2.90487613398465,0.9,16842,16689,7330,5198,1953,40.5,3089,9.2,103175,130338,0.14190027288514,0.155020727088366,0.850407085980138,0.149592914019862,0.00575586770451224,0.0926605230980287,23.2322328591453,"nyc"
351,10307,15232,13833,13293,56,418,56,1399,2.85468197214904,3.5,7448,7784,2600,1733,737,39.7,1075,7.1,80893,132079,0.141555285540705,0.113773634453782,0.872702205882353,0.127297794117647,0.00367647058823529,0.0918461134453782,23.0435924369748,"nyc"
38,10280,9384,8558,6612,164,1474,330,826,2.05729605263158,8.4,4477,4907,1233,858,234,38.1,336,3.6,169844,301694,0.0203312018363666,0.0914322250639386,0.70460358056266,0.29539641943734,0.0174765558397272,0.0880221653878943,4.04944586530264,"nyc"
2143,11372,61844,26244,11022,1465,12490,2435,35600,2.58063156126648,12.7,30769,31075,12995,9640,3783,40.5,7407,12.1,56383,77408,0.386640543684565,0.155876075286204,0.178222624668521,0.821777375331479,0.0236886359226441,0.575641937778928,34.651704288209,"nyc"
507,11004,15234,13318,5090,1003,6529,1198,1916,2.76725762842796,4.2,7144,8090,4502,2982,1646,44.4,857,6,92657,127495,0.19396493135789,0.195746356833399,0.334121045030852,0.665878954969148,0.065839569384272,0.125771301037154,33.2808192201654,"nyc"
454,11426,20801,16863,5834,1278,9179,1573,3938,3.26081812460667,4.9,10388,10413,4528,3203,947,38.6,1564,7.5,88803,120580,0.247687172150691,0.153982981587424,0.280467285226672,0.719532714773328,0.0614393538772174,0.189317821258593,21.8258737560694,"nyc"
736,11365,44983,36117,11388,3347,20070,4254,8866,2.88466829362276,7.2,21359,23624,9805,6668,3138,40.8,5330,11.9,66483,92032,0.218221340137983,0.148233777204722,0.253162305759954,0.746837694240046,0.0744058866682969,0.197096680968366,16.3617366560701,"nyc"
1375,11375,73488,61918,36724,1825,20530,3444,11570,2.22589889521259,6.4,33695,39793,19694,14798,7080,42.7,6624,9.1,80542,137263,0.114970697922216,0.201366209449162,0.499727846723275,0.500272153276725,0.0248339865011975,0.157440670585674,18.7105377748748,"nyc"
688,11427,24037,19361,4762,4737,7481,5310,4676,3.085872,6.5,11886,12151,5792,3893,1746,42,1987,8.5,74581,116155,0.254812834224599,0.161958647085743,0.198111245163706,0.801888754836294,0.197071181927861,0.1945334276324,28.6225402504472,"nyc"
940,11374,42653,35706,18568,1657,13580,2345,6947,2.19812731767614,9.7,19585,23068,11923,8996,4011,43.8,5662,13.3,63161,98297,0.221068784979238,0.210911307528193,0.43532694066068,0.56467305933932,0.0388483811220782,0.16287248259208,22.0383091458983,"nyc"
353,11366,14650,13352,5707,713,6615,829,1298,3.12411180660479,5.8,6977,7673,3614,2501,1078,40.6,1742,12,78990,108863,0.179464152073043,0.170716723549488,0.389556313993174,0.610443686006826,0.0486689419795222,0.0886006825938567,24.0955631399317,"nyc"
890,11423,31400,26945,2807,12083,8950,13012,4455,3.16102176356391,8.2,15291,16109,7064,4768,1933,40.8,2817,9.1,70266,102305,0.296674716700724,0.151847133757962,0.0893949044585987,0.910605095541401,0.384808917197452,0.14187898089172,28.343949044586,"nyc"
601,11428,18929,14134,2095,3834,4805,4770,4795,3.40293270960777,4.9,9208,9721,4111,2870,847,40.8,1597,8.4,73699,92621,0.307742355237476,0.151619208621692,0.11067673939458,0.88932326060542,0.202546357440964,0.253315019282582,31.7502245232183,"nyc"
1519,11432,62053,46891,8027,9134,25619,11039,15162,3.09787620639457,19.3,29294,32759,12405,8677,3979,36,8662,14.9,55906,89037,0.293924351534643,0.139832079029217,0.129357162425668,0.870642837574332,0.147196751164327,0.244339516220005,24.4790743396774,"nyc"
708,11379,37851,30230,25050,324,4152,730,7621,2.77602340047393,4,17886,19965,8999,6658,3324,42.7,3167,8.5,82819,114239,0.195585106382979,0.175900240416369,0.661805500515178,0.338194499484822,0.00855987952762146,0.201342104567911,18.7049219307284,"nyc"
835,11429,27403,23998,434,20276,1122,21302,3405,3.71318801089918,6.6,12851,14552,5873,3963,1656,39,2406,8.8,83240,102268,0.290226546616323,0.144619202277123,0.0158376820056198,0.98416231799438,0.739918986972229,0.124256468269897,30.4711163011349,"nyc"
1390,11435,59296,40868,6737,13287,14393,14940,18428,3.07560983363357,14.2,29447,29849,10459,7061,2864,35.8,9220,15.8,64086,84593,0.3116013127178,0.119080545062062,0.113616432811657,0.886383567188343,0.224079195898543,0.310779816513761,23.4417161359957,"nyc"
453,11415,19372,14539,9010,967,3671,1364,4833,2.30822174483829,10.2,9253,10119,4236,3087,1227,38.9,2384,12.3,68294,109205,0.200792730085073,0.159353706380343,0.4651042742102,0.5348957257898,0.049917406566178,0.249483791038612,23.3842659508569,"nyc"
922,11418,38517,20914,6312,2460,9217,3674,17603,3.48363960504663,12,19354,19163,6763,4357,1809,35.1,5629,14.7,66570,86064,0.33158094412227,0.113118882571332,0.163875691253213,0.836124308746787,0.0638679024846172,0.457018978632811,23.9374821507386,"nyc"
824,11433,36489,29596,600,22628,3195,24254,6893,3.45342713185664,9.2,16723,19766,6616,4469,1758,35,6206,17.1,51521,75616,0.3967215197916,0.122475266518677,0.016443311682973,0.983556688317027,0.620132094603853,0.188906245717888,22.5821480446162,"nyc"
1071,11221,83835,55054,13793,36355,2815,42967,28781,2.67868484985909,6.6,40147,43688,12040,8676,3464,31.6,19276,23.2,50153,77374,0.247462635951845,0.103488996242619,0.164525556151965,0.835474443848035,0.433649430428819,0.34330530208147,12.7750939345142,"nyc"
1030,11421,41002,16960,6898,1210,7932,2863,24042,3.51991407458326,7.5,20497,20505,7334,5179,1871,37.8,4207,10.3,72066,92799,0.355313732341636,0.126310911662846,0.168235695819716,0.831764304180284,0.0295107555728989,0.586361640895566,25.1207258182528,"nyc"
1002,11419,49618,40260,2136,7812,15990,9465,9358,3.97220690760478,11.3,24983,24635,8710,5707,2192,37,6642,13.4,70882,88726,0.31613492854769,0.115018743198033,0.0430488935466968,0.956951106453303,0.157442863476964,0.188600910959732,20.1942843322988,"nyc"
1730,11434,65791,60836,1024,55870,1615,58341,4955,2.95963377131675,4.3,29219,36572,13470,9978,4530,37.9,7204,11.2,62207,88220,0.314587394411956,0.151662081439711,0.0155644389050174,0.984435561094983,0.849204298460276,0.0753142527093371,26.2953899469532,"nyc"
616,11216,56308,50229,14656,30784,2898,33463,6079,2.30931558619544,6,26400,29908,9077,6527,3105,34.2,9737,17.4,61121,101849,0.194775018055076,0.11591603324572,0.260282730695461,0.739717269304539,0.546707395041557,0.10795979256944,10.9398309298856,"nyc"
605,11416,27125,14882,3448,1294,8979,2252,12243,3.74777608424553,10,13398,13727,4232,2780,1126,35.6,4125,15.2,67461,82384,0.346684538358432,0.102488479262673,0.127115207373272,0.872884792626728,0.047705069124424,0.451354838709677,22.3041474654378,"nyc"
1095,11233,76819,64543,5320,56546,1258,61749,12276,2.57013971715795,6.5,35096,41723,12266,8466,3625,33,21469,28.1,40449,68957,0.290690385935588,0.110207110220128,0.069253700256447,0.930746299743553,0.736093935094182,0.159804215103034,14.2542860490243,"nyc"
523,10019,43703,36375,24786,2331,7554,3144,7328,1.69597451628126,5.4,22413,21290,9234,6794,2484,39.5,5342,12.3,98833,253219,0.0744721291080623,0.155458435347688,0.567146420154223,0.432853579845777,0.0533372994988902,0.167677276159531,11.9671418438093,"nyc"
295,10022,31125,29439,24521,373,3801,732,1686,1.68618981661034,2,14113,17012,10994,8881,4407,47.5,1149,3.8,135363,427259,0.0457278560962054,0.285333333333333,0.787823293172691,0.212176706827309,0.0119839357429719,0.0541686746987952,9.47791164658635,"nyc"
290,10065,28109,26260,22684,575,2633,662,1849,1.87059956884937,4.1,12248,15861,7564,6042,3168,39.8,1922,6.9,127375,368270,0.0383622501050609,0.214948948735281,0.807001316304387,0.192998683695613,0.0204560816820235,0.0657796435305418,10.3169803265858,"nyc"
342,10075,21556,18486,16362,677,1047,743,3070,1.90682193022202,6.1,10096,11460,6958,5827,2990,45,1075,5.1,137146,346244,0.0632880893100956,0.270319168676935,0.759046205232882,0.240953794767118,0.031406568936723,0.142419743922806,15.8656522545927,"nyc"
46,10069,5085,5028,3123,148,1533,197,57,1.99554467084639,7.6,2354,2731,542,345,197,36,522,10.3,110625,346491,0.00555555555555556,0.0678466076696165,0.614159292035398,0.385840707964602,0.0291052114060964,0.0112094395280236,9.04621435594887,"nyc"
64,10282,5593,5169,3745,45,1163,61,424,2.50638727028238,7.7,2707,2886,462,330,138,35.3,190,3.4,250000,374989,0.0283246977547496,0.0590023243339889,0.669586983729662,0.330413016270338,0.0080457715000894,0.0758090470230645,11.4428750223494,"nyc"
1760,11211,102624,77669,65618,3822,5679,8084,24955,2.58481718464351,10.3,51067,51557,12739,8816,4074,30.7,26791,26.2,71225,112060,0.14238818997742,0.0859058309946991,0.639402089179919,0.360597910820081,0.0372427502338634,0.243169239164328,17.1499844091051,"nyc"
2800,11373,93967,55071,6148,1646,45348,2472,38896,3.09120719828298,20.2,47038,46929,18629,12737,5388,38.2,14613,15.6,51183,71473,0.415633367662204,0.135547585854609,0.0654272244511371,0.934572775548863,0.017516787808486,0.413932550789107,29.7976949354561,"nyc"
390,11361,27246,23736,11384,982,11051,1248,3510,2.6689666866148,4.3,13337,13909,7095,5249,2330,43.3,2343,8.7,85887,112649,0.166177418200043,0.192652132423108,0.417822799677017,0.582177200322983,0.0360419878147251,0.12882624972473,14.3140277471922,"nyc"
363,10036,27428,21520,14100,1726,5218,2326,5908,1.65804486189211,3.5,14922,12506,4752,3106,988,36.7,4183,15.3,91936,190035,0.0983204673482162,0.11324194254047,0.514073209858539,0.485926790141461,0.0629283943415488,0.215400320840018,13.23465072189,"nyc"
730,11414,29219,22706,19824,518,1475,1289,6513,2.73,2.9,13929,15290,8551,6420,3282,45,3370,11.6,71648,113402,0.213374829209048,0.219720045176084,0.678462644169889,0.321537355830111,0.0177281905609364,0.222902905643588,24.9837434546015,"nyc"
656,10310,23262,15911,9676,4387,1449,5401,7351,2.76540977713875,4.7,11065,12197,4762,3109,1244,38.8,4428,19.1,72093,103867,0.22233360064154,0.133651448714642,0.415957355343479,0.584042644656521,0.188590834837933,0.316008941621529,28.2004986673545,"nyc"
128,21213,31701,31178,2312,28051,79,28629,523,2.80613365367503,2.2,13403,18298,5808,3550,1387,35.5,9647,30.7,36136,55649,0.392522553782096,0.111983849089934,0.0729314532664585,0.927068546733542,0.884861676287814,0.0164979022743762,4.03772751648213,"balt"
68,21205,14580,12309,2512,9169,228,9845,2271,2.77249952079739,6.2,6949,7631,2351,1540,595,31.2,5184,35.8,30699,46389,0.404386839481555,0.10562414266118,0.172290809327846,0.827709190672154,0.628875171467764,0.155761316872428,4.6639231824417,"balt"
163,21227,33822,30203,22172,5048,1638,6005,3619,2.77398445895677,4.3,16490,17332,6035,4293,1985,34.9,5499,16.5,65395,84909,0.294881588999236,0.126929217668973,0.655549642244693,0.344450357755307,0.149251966175862,0.107001360061498,4.81934835314292,"balt"
67,21231,16160,14684,8496,4771,888,4958,1476,2.14278008298755,1.4,7698,8462,1898,1320,369,32.8,3076,19.1,71719,128628,0.110553278688525,0.0816831683168317,0.525742574257426,0.474257425742574,0.295235148514851,0.0913366336633663,4.1460396039604,"balt"
268,21229,47644,46556,7710,35900,1496,37212,1088,2.62,1.5,22220,25424,9534,6442,2709,35.3,8459,18,47131,69915,0.309793228811634,0.135211149357737,0.161825203593317,0.838174796406683,0.753505163294434,0.0228360339182269,5.62505247250441,"balt"
93,21217,34487,33921,3427,29372,408,29692,566,2.46297978318195,2.9,16084,18403,6970,4994,1796,35.8,12117,35.9,29121,65395,0.343881527669525,0.144808188592803,0.0993707773943805,0.90062922260562,0.851683242961116,0.0164119813262969,2.69666830979789,"balt"
95,21216,31409,31111,498,29812,80,30468,298,2.82771489243837,1.9,14714,16695,6500,4361,1679,36.7,7843,25.6,39846,60686,0.389775600505689,0.138845553822153,0.0158553280906746,0.984144671909325,0.949154700881913,0.00948772644783342,3.02461078034958,"balt"
415,21215,58448,57049,9044,46939,294,47797,1399,2.5918137254902,1.7,25298,33150,15493,11351,5633,42.8,14167,24.7,37517,69321,0.3080805698382,0.194206816315357,0.154735833561456,0.845264166438544,0.803089926088147,0.0239358061866959,7.10032849712565,"balt"
19,21226,6257,5977,4521,1251,41,1575,280,2.694723183391,2.2,2589,3668,1244,765,306,36.3,805,12.9,71250,103722,0.251750477402928,0.122263065366789,0.722550743167652,0.277449256832348,0.199936071599808,0.0447498801342496,3.0365990091098,"balt"
273,21207,47687,46043,4348,39740,725,40581,1644,2.56182489279705,1.5,21805,25882,12268,9150,3736,42.4,6507,13.8,56719,82310,0.272606852702225,0.191876192673056,0.0911778891521798,0.90882211084782,0.833350808396418,0.0344748044540441,5.72483066663871,"balt"
198,21222,54873,51335,40556,6890,1868,8193,3538,2.6565264078519,2.1,26378,28495,12249,8737,3699,38.8,8134,14.9,52339,76371,0.334856684706354,0.159222203998323,0.739088440580978,0.260911559419022,0.125562662876096,0.0644761540283928,3.60833196654092,"balt"
45,21201,17136,16451,5788,8548,1369,9272,685,1.76130866328622,1.8,7876,9260,2507,1741,605,30.3,4755,28.9,34559,75298,0.175112181241108,0.101598972922502,0.337768440709617,0.662231559290383,0.498832866479925,0.0399743230625584,2.62605042016807,"balt"
223,21208,36441,35024,18556,14889,1052,15295,1417,2.35696404969601,1.2,16010,20431,11867,9349,4774,46.5,3177,8.9,79800,134236,0.173195523069895,0.256551686287424,0.50920666282484,0.49079333717516,0.408578249773607,0.0388847726461952,6.11948080458824,"balt"
19,21226,6257,5977,4521,1251,41,1575,280,2.694723183391,2.2,2589,3668,1244,765,306,36.3,805,12.9,71250,103722,0.251750477402928,0.122263065366789,0.722550743167652,0.277449256832348,0.199936071599808,0.0447498801342496,3.0365990091098,"balt"
133,21230,34947,32528,20830,9512,1207,9982,2419,2.33291398713826,1.1,16831,18116,5231,3177,1206,32.5,4890,14,81446,124801,0.148222959649882,0.0909090909090909,0.596045440238075,0.403954559761925,0.272183592296907,0.0692191032134375,3.80576301256188,"balt"
142,21225,33927,29968,14310,13556,759,14873,3959,2.81397049016339,2.6,16328,17599,5499,3744,1533,34.8,8356,24.8,43172,66598,0.347231270358306,0.11035458484393,0.421787956494827,0.578212043505173,0.399563769269314,0.116691720458632,4.18545701064049,"balt"
82,21236,38573,37666,25797,7155,3645,7667,907,2.54569590180162,1.1,19026,19547,8026,5525,2556,37.5,3113,8.1,78659,105340,0.168139883108728,0.143234905244601,0.668783864361082,0.331216135638918,0.185492442900474,0.0235138568428694,2.12583931765743,"balt"
198,21222,54873,51335,40556,6890,1868,8193,3538,2.6565264078519,2.1,26378,28495,12249,8737,3699,38.8,8134,14.9,52339,76371,0.334856684706354,0.159222203998323,0.739088440580978,0.260911559419022,0.125562662876096,0.0644761540283928,3.60833196654092,"balt"
16,21210,15213,14497,10562,1371,1646,1704,716,2.12807729468599,2.1,7199,8014,3243,2447,955,30,932,8.5,103359,234165,0.0452859350850077,0.160849273647538,0.694274633537106,0.305725366462894,0.0901202918556498,0.0470650101886544,1.05173207125485,"balt"
147,21237,30286,26853,14780,8978,2171,9753,3433,2.65167556029883,2.6,13966,16320,6469,4371,2105,37.8,2160,7.2,68034,92434,0.250893312914752,0.144324110149904,0.488014264016377,0.511985735983623,0.296440599616985,0.113352704219772,4.8537277950208,"balt"
79,21214,21177,20581,7932,11821,162,12413,596,2.69308068459658,1.7,10067,11110,4384,2797,1220,40,2016,9.7,68554,95795,0.242723828882935,0.132077253624215,0.374557302734098,0.625442697265902,0.558199933890542,0.0281437408509232,3.73046229399821,"balt"
345,21228,48133,45469,29567,9460,5147,10206,2664,2.52504909672869,0.8,23428,24705,12614,9245,5043,43.7,2825,6,84257,120574,0.158235483352099,0.192071967257391,0.614277107182183,0.385722892817817,0.196538757193609,0.0553466436748177,7.16763966509463,"balt"
163,21227,33822,30203,22172,5048,1638,6005,3619,2.77398445895677,4.3,16490,17332,6035,4293,1985,34.9,5499,16.5,65395,84909,0.294881588999236,0.126929217668973,0.655549642244693,0.344450357755307,0.149251966175862,0.107001360061498,4.81934835314292,"balt"
76,21223,23560,22439,3854,17061,555,17831,1121,2.77636947982383,2.8,11511,12049,4105,2601,1192,35.1,8173,35.2,28683,53381,0.408747044917258,0.110398981324278,0.16358234295416,0.83641765704584,0.724151103565365,0.0475806451612903,3.2258064516129,"balt"
163,21227,33822,30203,22172,5048,1638,6005,3619,2.77398445895677,4.3,16490,17332,6035,4293,1985,34.9,5499,16.5,65395,84909,0.294881588999236,0.126929217668973,0.655549642244693,0.344450357755307,0.149251966175862,0.107001360061498,4.81934835314292,"balt"
354,21224,50433,40671,28918,8098,1543,9255,9762,2.58228070175439,4,24956,25477,7353,5112,2149,33.1,9004,18.1,69615,97281,0.214083801481375,0.101362203319255,0.573394404457399,0.426605595542601,0.160569468403625,0.193563738028672,7.01921361013622,"balt"
226,21206,51561,49630,10920,36795,779,37763,1931,2.64344502563571,3.4,23624,27937,9308,5655,2216,37.2,6271,12.3,52262,81691,0.293450435193573,0.109675917844883,0.21178797928667,0.78821202071333,0.713620759876651,0.0374507864471209,4.38315781307577,"balt"
21,21211,16299,15707,12800,1612,890,1695,592,2.09481682317154,0.7,7856,8443,2988,2288,1146,35.9,1519,9.5,68425,102749,0.141583382324123,0.140376710227621,0.785324253021658,0.214675746978342,0.098901773114915,0.0363212467022517,1.28842260261366,"balt"
98,21202,21010,20126,6376,12182,961,12543,884,1.86785390779236,1.5,12439,8571,2552,1769,668,32.5,4583,27.6,46660,84487,0.159969998928533,0.0841980009519277,0.303474535935269,0.696525464064731,0.579819133745835,0.0420752022846264,4.66444550214184,"balt"
71,21212,33342,32010,16462,13411,1460,13878,1332,2.63582431674281,1.3,15819,17523,6960,4924,1951,38.7,3823,11.6,77699,152018,0.174160330479555,0.147681602783276,0.493731629776258,0.506268370223742,0.402225421390438,0.0399496131005938,2.12944634395057,"balt"
150,21239,31133,30227,4236,24401,609,25192,906,2.51295279912184,0.5,13305,17828,6463,4673,1801,35.8,3615,12.2,53689,81842,0.267124183006536,0.150097966787653,0.136061413933768,0.863938586066232,0.783766421482029,0.0291009539716699,4.81803873703145,"balt"
202,21218,49271,47081,12858,29792,2557,31339,2190,2.41165320175676,2,24353,24918,10056,6851,2845,34.9,10965,24.6,45613,96871,0.246542702298636,0.139047309776542,0.260964867772117,0.739035132227883,0.604655882770798,0.0444480526070102,4.0997747153498,"balt"
163,21227,33822,30203,22172,5048,1638,6005,3619,2.77398445895677,4.3,16490,17332,6035,4293,1985,34.9,5499,16.5,65395,84909,0.294881588999236,0.126929217668973,0.655549642244693,0.344450357755307,0.149251966175862,0.107001360061498,4.81934835314292,"balt"
142,21225,33927,29968,14310,13556,759,14873,3959,2.81397049016339,2.6,16328,17599,5499,3744,1533,34.8,8356,24.8,43172,66598,0.347231270358306,0.11035458484393,0.421787956494827,0.578212043505173,0.399563769269314,0.116691720458632,4.18545701064049,"balt"
19,21226,6257,5977,4521,1251,41,1575,280,2.694723183391,2.2,2589,3668,1244,765,306,36.3,805,12.9,71250,103722,0.251750477402928,0.122263065366789,0.722550743167652,0.277449256832348,0.199936071599808,0.0447498801342496,3.0365990091098,"balt"
98,21209,28015,26906,19356,4975,2012,5133,1109,2.42204685466377,0.7,12945,15070,6815,5214,2242,37,2347,8.4,82555,140491,0.118992654774397,0.18611458147421,0.690915580938783,0.309084419061217,0.177583437444226,0.0395859361056577,3.49812600392647,"balt"
268,21234,68938,66050,42124,18999,3434,19896,2888,2.39268021084232,1.2,32220,36718,17451,12658,6429,40,5612,8.2,64510,96871,0.219977018581318,0.183614262090574,0.611041805680467,0.388958194319533,0.275595462589573,0.0418927151933621,3.88755113290203,"balt"
622,60647,87509,48283,38809,4758,2588,7140,39226,2.50578988304431,2.7,44327,43182,9107,6224,2208,31.8,12931,14.9,73443,120158,0.211800583892742,0.0711241129483824,0.443485812887817,0.556514187112183,0.0543715503548206,0.448251037036191,7.10784033642254,"chi"
1504,60639,90517,19979,6104,11687,1377,13599,70538,3.52702542041455,6.9,45009,45508,12629,8137,2904,33.1,19213,21.4,44150,62874,0.462949605693403,0.0898947159097186,0.067434846492924,0.932565153507076,0.129113868113172,0.779279030458367,16.6156633560547,"chi"
413,60707,43019,26514,20677,3367,1683,3814,16505,2.73935620120312,2.9,20752,22267,9406,6745,2912,39.6,4472,10.4,57554,90506,0.289842833685198,0.156791185290221,0.480648085729561,0.519351914270439,0.0782677421604407,0.38366768172203,9.60040912155094,"chi"
413,60707,43019,26514,20677,3367,1683,3814,16505,2.73935620120312,2.9,20752,22267,9406,6745,2912,39.6,4472,10.4,57554,90506,0.289842833685198,0.156791185290221,0.480648085729561,0.519351914270439,0.0782677421604407,0.38366768172203,9.60040912155094,"chi"
361,60622,52793,41214,34144,3230,2253,4294,11579,2.23983938487826,1.7,27216,25577,4574,3119,1300,31.7,6614,12.7,93988,164186,0.136372432477262,0.05907980224651,0.646752410357434,0.353247589642566,0.0611823537211373,0.21932832004243,6.83802776883299,"chi"
795,60651,63218,36358,2623,32370,306,34029,26860,3.20262555335063,7.3,29134,34084,10482,7220,2782,33,16159,25.7,38083,55997,0.446447876447876,0.114207978740232,0.0414913474010567,0.958508652598943,0.512037710778576,0.42487899016103,12.5755322851087,"chi"
103,60611,32426,30725,23167,893,5724,1131,1701,1.54138473415034,1.8,15207,17219,9614,7079,2858,38.9,3222,10.1,103522,275666,0.0456391413653065,0.218312465305619,0.714457534077592,0.285542465922408,0.0275396286930241,0.0524579041509899,3.17646333189416,"chi"
608,60638,58797,28357,25612,1734,317,2349,30440,2.91255804742809,3.4,29033,29764,11760,8239,3597,37.7,4521,7.7,67984,93488,0.295776679770621,0.140126196914809,0.435600455805568,0.564399544194432,0.02949130057656,0.517713488783441,10.3406636393013,"chi"
436,60652,43907,26428,4472,20590,373,21572,17479,3.26562602842184,3.1,20784,23123,7109,4740,1763,35.7,4979,11.4,68425,84481,0.32554657082959,0.107955451294782,0.10185164096841,0.89814835903159,0.468945726194001,0.398091420502426,9.93007948618671,"chi"
573,60626,49730,39478,22444,12304,2919,13322,10252,2.06178346790382,6.5,24582,25148,7478,5031,2007,34,11505,24.8,40591,81726,0.286014721345952,0.10116629800925,0.451317112406998,0.548682887593002,0.24741604665192,0.206153227428112,11.5222199879348,"chi"
248,60615,41563,38990,10984,22738,3336,23992,2573,1.93374017611969,1.3,19140,22423,8282,6022,2403,33.8,10097,24.6,44111,116923,0.15276914990204,0.144888482544571,0.264273512499098,0.735726487500902,0.547073117917378,0.0619060221831918,5.96684551163294,"chi"
324,60621,29042,27981,320,27378,76,27640,1061,2.6065504587156,2.8,13184,15858,5800,3928,1826,34,12390,43.5,20991,40608,0.413518155053974,0.135252393085876,0.0110185248949797,0.98898147510502,0.942703670546106,0.036533296604917,11.1562564561669,"chi"
667,60645,47732,39605,21481,8136,7766,8733,8127,2.87815933558905,7.5,23740,23992,9491,6564,2838,35.6,9927,21.1,53340,83863,0.315713806488714,0.137517807759993,0.450033520489399,0.549966479510601,0.170451688594653,0.170263135841783,13.9738540182687,"chi"
526,60643,49870,48221,10138,36573,181,37822,1649,2.75945801271328,0.8,22638,27232,12479,9153,4394,43.5,8438,17,64477,105291,0.21590368325878,0.18353719671145,0.2032885502306,0.7967114497694,0.733366753559254,0.0330659715259675,10.5474233005815,"chi"
526,60643,49870,48221,10138,36573,181,37822,1649,2.75945801271328,0.8,22638,27232,12479,9153,4394,43.5,8438,17,64477,105291,0.21590368325878,0.18353719671145,0.2032885502306,0.7967114497694,0.733366753559254,0.0330659715259675,10.5474233005815,"chi"
246,60660,43242,35514,22313,6131,5573,6673,7728,1.933263687367,5.4,21537,21705,8341,5741,2118,36.7,6946,17.2,49241,90167,0.235639764959827,0.132764441977707,0.516002960085102,0.483997039914898,0.141783451274224,0.178715138060219,5.68891355626474,"chi"
488,60640,69715,59776,38554,11564,7578,12605,9939,1.92113872286883,3.9,35614,34101,12337,8987,4203,37.3,13312,19.5,53831,112655,0.204987422600619,0.128910564440938,0.553023022305099,0.446976977694901,0.165875349637811,0.142566162231944,6.99992827942337,"chi"
306,60614,71308,66991,56762,2794,5282,3344,4317,2.0040593735112,1.1,35945,35363,8768,6179,2351,30.3,5848,8.6,107461,285792,0.0620676564872617,0.0866522690301229,0.796011667695069,0.203988332304931,0.039182139451394,0.0605401918438324,4.29124361922926,"chi"
142,60631,29529,26377,24253,445,866,608,3152,2.42874591057797,0.4,14264,15265,7501,5469,2966,42.6,1598,5.5,91034,144960,0.142235217673814,0.185207761861221,0.821328185851197,0.178671814148803,0.0150699312540215,0.106742524298148,4.80883199566528,"chi"
210,60646,27987,24016,20315,296,2890,440,3971,2.54407740278797,2.3,13222,14765,7279,5732,2899,43.7,1929,6.9,89480,152821,0.12596757704104,0.204809375781613,0.725872726623075,0.274127273376925,0.0105763390145425,0.141887304820095,7.50348376031729,"chi"
667,60628,66724,64432,1281,62192,123,63110,2292,2.87561575926248,2.6,30816,35908,14900,11272,5095,38.8,17576,26.6,40261,66879,0.346488874210461,0.168934716144116,0.0191984892992027,0.980801510700797,0.932078412565194,0.0343504586055992,9.99640309333973,"chi"
725,60625,79243,53265,36086,3735,10215,5491,25978,2.60382768313747,5.1,39692,39551,11363,7575,3398,34.2,11288,14.7,64117,103713,0.275015140300114,0.0955920396754287,0.455384071779211,0.544615928220789,0.047133500750855,0.327827063589213,9.14907310424896,"chi"
644,60641,71023,32673,26008,1353,3215,2771,38350,2.85181447543697,3.4,34841,36182,12311,7905,3365,35.9,8891,12.6,60073,90739,0.339123947564745,0.111301972600425,0.366191233825662,0.633808766174338,0.0190501668473593,0.539965926530842,9.06748518085691,"chi"
224,60657,70052,65151,56392,1771,4832,2568,4901,1.90511467889908,1.5,35414,34638,7984,5618,2295,31.2,5318,7.6,92295,227597,0.0817322896900696,0.0801975675212699,0.805001998515389,0.194998001484611,0.0252812196653914,0.0699623137098156,3.19762462170959,"chi"
404,60636,32203,29731,338,28931,13,29413,2472,2.87583619598626,3.3,15225,16978,7724,6194,2711,40,10182,31.7,27310,49341,0.431339152650628,0.192342328354501,0.0104959165295159,0.989504083470484,0.898394559513089,0.0767630344998913,12.545415023445,"chi"
498,60649,46024,44841,1315,42598,181,43404,1183,2.13882668820986,3.5,19172,26852,9953,6570,2779,37.7,15134,33.5,30222,68395,0.314672561481072,0.14275160785677,0.0285720493655484,0.971427950634452,0.925560577090214,0.0257039805318964,10.820441508778,"chi"
580,60617,82534,51455,5215,45695,166,46857,31079,2.91735206470839,3,38160,44374,16945,12791,6227,37,19210,23.3,40265,59976,0.388725834237223,0.154978554292776,0.0631860808878765,0.936813919112124,0.553650616715535,0.376559963166695,7.02740688685875,"chi"
180,60633,12871,7081,4048,2987,0,3043,5790,2.68687740281931,3,6786,6085,2417,1676,866,38.9,2676,21.4,47083,72377,0.330772045371387,0.130215212493202,0.314505477429881,0.685494522570119,0.232072100069925,0.449848496620309,13.9849273560718,"chi"
414,60612,34311,30105,7334,20564,1585,21222,4206,2.44723253690458,3.8,16680,17631,4567,3136,1179,31.6,10715,32.6,41300,72949,0.232029240557737,0.0913992597126286,0.213750692197837,0.786249307802163,0.599341319110489,0.122584593862027,12.0661012503279,"chi"
10,60604,782,748,479,37,232,54,34,1.62776617954071,6,369,413,185,93,18,32.4,174,22.3,116250,376124,0.0119521912350598,0.118925831202046,0.612531969309463,0.387468030690537,0.0473145780051151,0.0434782608695652,12.7877237851662,"chi"
475,60624,36158,34243,989,32677,113,33235,1915,2.9890702392021,6.1,16906,19252,5446,3922,1833,30.7,15769,44.2,22992,41187,0.442171150971599,0.108468388738315,0.027352176558438,0.972647823441562,0.903728082305437,0.0529620001106256,13.1367885391891,"chi"
151,60656,27579,24197,21053,325,2013,398,3382,2.28283256121774,1.9,13992,13587,6580,4637,2189,40.5,2247,8.2,61599,93770,0.292948543424993,0.168135175314551,0.763370680590304,0.236629319409696,0.0117843286558613,0.122629536966533,5.47518039087712,"chi"
683,60644,47712,44644,1392,42711,90,43369,3068,2.86442499540976,5,22043,25669,8816,6201,2676,33.3,16119,34.5,27262,51503,0.449921469131328,0.129967303822938,0.0291750503018109,0.970824949698189,0.895183601609658,0.0643024815560027,14.315057008719,"chi"
181,60655,28804,26414,23795,1913,421,2077,2390,2.74635617241716,1.3,13876,14928,5786,3731,1513,38.7,1040,3.7,97572,129337,0.152145464563675,0.129530620747118,0.826100541591446,0.173899458408554,0.0664143868907096,0.0829745868629357,6.28384946535203,"chi"
131,60605,27519,25911,15781,4550,4431,5165,1608,1.76786512802019,1.8,13138,14381,3929,2569,626,33.9,2359,9.6,111164,240969,0.0768464730290456,0.0933536829099895,0.57345833787565,0.42654166212435,0.165340310331044,0.0584323558268832,4.76034739634434,"chi"
318,60653,31972,31283,1374,28876,427,29491,689,2.15829022298456,1.7,13703,18269,5892,4122,1825,35.1,10968,34.9,29569,71372,0.248834217719891,0.12892530964594,0.0429751032153134,0.957024896784687,0.90316526961091,0.0215501063430502,9.94620292756162,"chi"
798,60609,61495,28635,9172,14961,3872,15609,32860,2.96697180022327,6.1,30270,31225,9609,6977,2428,31.7,17061,27.9,35179,55621,0.422906244957237,0.113456378567363,0.149150337425807,0.850849662574193,0.243288072200992,0.534352386372876,12.9766647694935,"chi"
591,60618,94395,56243,45553,1995,5723,3429,38152,2.68024108745832,2.4,48151,46244,12474,8526,3452,34.4,10686,11.4,73810,126673,0.244481984072472,0.0903225806451613,0.482578526405,0.517421473595,0.0211345939933259,0.404173949891414,6.26092483712061,"chi"
273,60616,54464,49864,13160,13532,22028,14292,4600,2.11991563255109,4.4,25807,28657,11696,8683,3837,36.8,13106,25.3,45997,82787,0.23103247415174,0.159426410105758,0.24162749706228,0.75837250293772,0.248457696827262,0.0844594594594595,5.01248531139835,"chi"
7,60602,1244,1163,788,47,242,67,81,1.97121262458472,3.5,693,551,10,5,0,30.6,29,2.4,157125,253316,0.0354838709677419,0.00401929260450161,0.633440514469453,0.366559485530547,0.0377813504823151,0.065112540192926,5.62700964630225,"chi"
57,60601,14675,13401,9677,767,2641,818,1274,1.58237590252708,2.7,7191,7484,2934,2075,1013,34.9,1183,8.4,103243,186892,0.0550369083803734,0.141396933560477,0.659420783645656,0.340579216354344,0.0522657580919932,0.0868143100511073,3.88415672913118,"chi"
873,60608,79205,39059,15148,13657,9528,14389,40146,2.68427205681508,4.8,43845,35360,11411,7852,3032,32.4,15619,22.5,44043,69400,0.357574524957871,0.0991351556088631,0.191250552364118,0.808749447635882,0.172425983208131,0.506861940534057,11.0220314374093,"chi"
295,60607,29591,27134,15440,4260,6645,4672,2457,2.02004601107385,3.1,14724,14867,2306,1604,651,30.1,5816,21.7,93508,185619,0.0770265724857047,0.0542056706431009,0.521780271028353,0.478219728971647,0.143962691358859,0.0830320029738772,9.96924740630597,"chi"
26,60661,9926,9286,5091,357,3553,438,640,1.66451531043817,5.2,5109,4817,392,217,11,30.8,1346,13.7,107245,183566,0.0332158351409978,0.0218617771509168,0.512895426153536,0.487104573846464,0.035966149506347,0.0644771307676808,2.61938343743703,"chi"
31,60606,3101,2906,2129,73,561,115,195,1.4868905950096,3.4,1502,1599,603,431,6,37.2,237,7.6,131477,278453,0.0392310710082385,0.138987423411803,0.686552724927443,0.313447275072557,0.0235407932924863,0.0628829409867785,9.99677523379555,"chi"
210,60827,28577,27355,760,26109,46,26627,1222,2.62356004054926,3.7,12911,15666,4469,2763,829,32.7,9620,33.7,31954,54422,0.427949288686732,0.0966861462014907,0.0265948140112678,0.973405185988732,0.913636840816041,0.0427616614760122,7.34856702942926,"chi"
396,60630,57344,41337,32184,826,6415,1960,16007,2.72452987781596,3,27889,29455,12452,8738,4024,40.2,5054,8.9,72092,104899,0.239606570675319,0.152378627232143,0.561244419642857,0.438755580357143,0.014404296875,0.279139927455357,6.90569196428571,"chi"
92,60642,20201,16127,12126,2045,1410,2332,4074,2.17312965561913,2.5,10109,10092,1966,1322,542,31.2,2231,11,101939,146170,0.0984455958549223,0.0654423048363942,0.600267313499332,0.399732686500668,0.101232612246918,0.201673184495817,4.55422998861442,"chi"
411,60659,41068,33188,16363,4107,10916,4687,7880,3.08,8.9,21031,20037,6730,4603,1728,34.7,8758,21.5,51383,78893,0.372671437998071,0.11208239992208,0.398436739066913,0.601563260933087,0.100004869971754,0.191876887114055,10.0077919548067,"chi"
727,60634,75995,46930,41060,1337,4042,2117,29065,2.89369964772553,3.2,36934,39061,15922,11417,4587,39.1,7053,9.3,66741,91213,0.303045148647603,0.150233567997895,0.540298703862096,0.459701296137904,0.0175932627146523,0.382459372327127,9.56641884334496,"chi"
258,60613,50113,44451,36600,2854,3306,3253,5662,1.87867972324095,2.2,25205,24908,6297,4429,1974,33.1,5599,11.2,82321,191871,0.111698389046642,0.0883802606110191,0.730349410332648,0.269650589667352,0.0569512900844092,0.112984654680422,5.14836469578752,"chi"
153,60610,39019,36418,26809,5666,3162,6143,2601,1.6017396536164,1.9,17874,21145,8234,6029,2146,33.6,4383,11.7,86803,226991,0.092519154506603,0.154514467310797,0.687075527307209,0.312924472692791,0.145211307311822,0.0666598323893488,3.92116661113816,"chi"
94,60654,19135,18138,14124,1028,2388,1139,997,1.57518064302287,2.9,9754,9381,1881,1127,325,33.1,1296,6.8,112699,272414,0.0406691866162677,0.0588973085968121,0.738123856806898,0.261876143193102,0.0537235432453619,0.052103475307029,4.91246407107395,"chi"
1308,60632,91039,14605,7996,1005,5143,2405,76434,3.63966449955855,10.9,46372,44667,12635,8702,3370,30.9,17966,19.9,42758,59458,0.483346683548229,0.0955854084513231,0.0878304902294621,0.912169509770538,0.01103922494755,0.839574248399038,14.3674688869605,"chi"
1526,60623,85979,29115,2508,26098,76,27439,56864,3.41722095580884,9.7,41947,44032,11671,7805,3122,30.3,28488,33.4,31634,45650,0.497291373101613,0.0907779806696984,0.0291699135835495,0.970830086416451,0.303539236325149,0.661370799846474,17.7485199874388,"chi"
1443,60629,111850,32418,9203,21865,404,23214,79432,3.50833443302856,5.3,54815,57035,15984,11127,3760,31.2,20400,18.3,42019,61329,0.473830179050831,0.0994814483683505,0.0822798390701833,0.917720160929817,0.1954850245865,0.710165400089405,12.9012069736254,"chi"
740,60620,68096,67185,755,65542,272,66170,911,2.67231903007251,1.9,30001,38095,16177,11842,5982,40.8,17131,25.4,35890,58872,0.38406233682773,0.17390155075188,0.0110872885338346,0.988912711466165,0.96249412593985,0.0133781719924812,10.8670112781955,"chi"
353,60637,47454,46113,6858,35951,2129,36745,1341,2.28496360232945,2.6,20877,26577,8111,5463,2277,30.7,15974,36.4,28785,72447,0.2502679528403,0.1151220128967,0.144518902516121,0.855481097483879,0.757596830614911,0.0282589455051207,7.43878282125848,"chi"
615,60619,61258,60389,854,58571,193,59701,869,2.3257032858123,2.3,27681,33577,15382,10410,4714,41.3,15522,25.4,33454,60557,0.343600704048278,0.169936987821999,0.0139410362728133,0.986058963727187,0.95613634137582,0.0141859022495021,10.0395050442391,"chi"
772,48219,48184,47754,2848,43882,236,44587,430,2.47844280212345,2.3,22142,26042,10550,7377,2755,38.3,15657,32.9,33029,51314,0.421581000458926,0.153100614311805,0.0591067574298522,0.940893242570148,0.910717250539598,0.00892412419060269,16.0219159887099,"det"
297,48223,24632,24296,2066,21446,111,22005,336,2.49524322128567,2.3,11678,12954,4856,3504,957,36.7,7508,30.7,35562,53956,0.449887928274095,0.142253978564469,0.0838746346216304,0.91612536537837,0.870656057161416,0.0136407924650861,12.0574861968171,"det"
627,48228,55737,52594,8890,41902,37,42456,3143,2.88068673760706,4.3,26832,28905,8120,5621,1931,29.9,22922,41.6,26269,39710,0.472900635664102,0.100848628379712,0.159499076017726,0.840500923982274,0.751780684285125,0.0563898308125662,11.2492599171107,"det"
915,48235,44753,44320,586,43129,45,43457,433,2.48624175824176,2.4,20079,24674,10769,7947,3994,39.2,13683,31.1,31759,49848,0.42998374864572,0.177574687730431,0.0130940942506648,0.986905905749335,0.963711929926485,0.00967532902822157,20.4455567224544,"det"
584,48227,41777,41582,669,39967,25,40662,195,2.7046301832835,2.2,19464,22313,8414,5929,2180,34.1,14579,35.1,29250,43053,0.506073500967118,0.141920195322785,0.0160135959977978,0.983986404002202,0.956674725327333,0.00466764008904421,13.9789836512914,"det"
615,48221,41821,41492,2321,37650,314,38647,329,2.65908058727569,1.3,18902,22919,9828,7354,3559,38.9,9205,22.5,41297,67923,0.376455043100736,0.175844671337366,0.0554984338012004,0.9445015661988,0.900265416895818,0.00786686114631405,14.7055307142345,"det"
87,48217,6887,5831,277,5420,0,5488,1056,2.40890909090909,1.7,3058,3829,1664,1232,705,40.2,2748,39.9,26413,46717,0.550224887556222,0.178887759546973,0.0402207056773631,0.959779294322637,0.786989981123857,0.153332365325976,12.6324960069697,"det"
325,48238,27051,26875,498,25950,56,26277,176,2.62551391862955,1.4,12747,14304,5885,3956,1985,37.4,11203,41.6,24280,43037,0.471536262022355,0.146242283094895,0.0184096706221581,0.981590329377842,0.959299101696795,0.00650622897489926,12.0143432775128,"det"
354,48204,24524,23847,498,23026,12,23342,677,2.55519454640797,1.8,11150,13374,5181,3768,1867,37.6,10287,42.2,24362,40103,0.438778151695573,0.153645408579351,0.0203066383950416,0.979693361604958,0.938916979285598,0.0276056108302071,14.4348393410537,"det"
175,48210,29930,13610,7753,4982,13,6115,16320,3.33074908037008,6.3,15351,14579,3565,2140,854,28.3,12114,40.7,29007,41810,0.514507828752874,0.0715001670564651,0.259037754761109,0.740962245238891,0.166455061810892,0.545272302038089,5.84697627798196,"det"
183,48209,32620,9968,6475,2775,1,3283,22652,3.27289975893933,5.7,16014,16606,3497,2345,918,28.9,14349,44,27418,40890,0.499230917131321,0.0718884120171674,0.198497854077253,0.801502145922747,0.0850705088902514,0.694420600858369,5.61005518087063,"det"
142,48203,22939,22487,1648,20119,47,20629,452,2.25127590739056,0.5,11261,11678,5322,3735,1483,39.5,8626,38.2,21013,47115,0.411576901721266,0.162823139631196,0.0718427132830551,0.928157286716945,0.877065260037491,0.0197044334975369,6.19033087754479,"det"
242,48206,15745,15409,873,14011,75,14429,336,2.40919588292055,1,7291,8454,3470,2480,1058,39.3,6414,41.2,22308,53416,0.438743659773703,0.157510320736742,0.0554461733883773,0.944553826611623,0.889869799936488,0.0213401079707844,15.369958717053,"det"
158,48208,9196,8613,1544,6634,105,7008,583,2.12238478419898,3.1,4526,4670,1772,1176,545,34.7,3860,42.5,21070,49980,0.352678571428571,0.1278816876903,0.167899086559374,0.832100913440626,0.721400608960418,0.0633971291866029,17.1813832100913,"det"
219,48202,16049,15701,3799,10676,681,11169,348,1.90681697612732,2.3,8171,7878,3455,2014,725,36.7,5659,38.7,26164,64442,0.318785310734463,0.125490684777868,0.236712567761231,0.763287432238769,0.665212785843355,0.0216835939933952,13.6457100130849,"det"
53,48216,5179,3590,1492,1930,60,2049,1589,2.1169224137931,0.9,2688,2491,922,636,353,36.8,1709,33.1,31000,55895,0.334736842105263,0.12280363004441,0.288086503185943,0.711913496814057,0.372658814442943,0.306815987642402,10.2336358370342,"det"
432,48234,34156,33909,1303,31859,15,32442,247,2.68665348414142,2.4,16163,17993,6263,4144,1792,34.2,12761,37.6,27947,46106,0.531636930876475,0.121325682164188,0.0381484951399461,0.961851504860054,0.932749736503103,0.0072315259398056,12.6478510364211,"det"
113,48212,38161,37624,14876,9572,11355,10153,537,3.41255622397038,7.9,19320,18841,5199,3707,1295,29.8,16900,46,26435,41111,0.532540560471976,0.0971410602447525,0.389822069652263,0.610177930347737,0.250832001257829,0.0140719582820157,2.96113833494929,"det"
61,48211,6318,6263,2177,3602,85,3641,55,2.69955309947141,6.8,3303,3015,948,530,219,33.1,2379,42.2,23507,36420,0.418304323413813,0.0838873061095283,0.344571066793289,0.655428933206711,0.570117125672681,0.00870528648306426,9.65495409939854,"det"
170,48201,15954,15616,3853,9638,1514,9857,338,1.75,4.1,7288,8666,2948,2011,515,30,8091,53.6,15168,35769,0.305001634521085,0.126049893443651,0.241506832142409,0.758493167857591,0.604111821486774,0.0211859094897831,10.6556349504826,"det"
77,48226,6935,6589,2897,2757,718,2894,346,1.38200988875155,1.6,3980,2955,1092,798,225,32.5,1120,19.9,57083,145410,0.109782873871676,0.115068493150685,0.41773612112473,0.58226387887527,0.397548666186013,0.0498918529199712,11.1031002162942,"det"
392,48207,21230,21097,3297,17063,340,17298,133,1.76551554828151,1.7,9175,12055,6376,4486,2090,43.8,7052,33.8,29625,55772,0.237050267925491,0.211304757418747,0.155299105040038,0.844700894959962,0.803721149317004,0.00626471973622233,18.4644371172869,"det"
392,48207,21230,21097,3297,17063,340,17298,133,1.76551554828151,1.7,9175,12055,6376,4486,2090,43.8,7052,33.8,29625,55772,0.237050267925491,0.211304757418747,0.155299105040038,0.844700894959962,0.803721149317004,0.00626471973622233,18.4644371172869,"det"
321,48213,22795,22631,452,21945,15,22181,164,2.74299122047731,3,11194,11601,5004,3635,1605,38.2,9686,43.2,23559,40453,0.550271928601311,0.159464794911165,0.019828909848651,0.980171090151349,0.962711120859838,0.00719456021057249,14.0820355341084,"det"
371,48214,21086,20754,2924,17370,79,17674,332,2.0792557620063,2.2,9842,11244,6016,4105,1749,44.2,6814,33.3,28961,60913,0.339161266658516,0.194678933889785,0.138670207720763,0.861329792279237,0.823769325618894,0.0157450441050934,17.5946125391255,"det"
482,48205,33953,33877,1227,31804,271,32199,76,2.6,1,15863,18090,4247,2744,892,30.5,9080,27.4,36307,39404,0.443099273607748,0.0808176008011074,0.0361381910287751,0.963861808971225,0.936706623862398,0.00223838836038053,14.1960946013607,"det"
152,48215,11979,11816,858,10740,26,10929,163,2.42262717058223,4,5827,6152,2673,1775,727,39.3,5009,42,22721,51849,0.47116924719701,0.148175974622256,0.0716253443526171,0.928374655647383,0.896568995742549,0.0136071458385508,12.6888721930044,"det"
580,48224,41973,41701,3163,37665,58,38214,272,2.92655876143561,2.8,19564,22409,6243,3917,1399,31.2,15441,37.2,32817,47751,0.462617458804303,0.0933218974102399,0.0753579682176637,0.924642031782336,0.897362590236581,0.00648035641960308,13.8184070712124,"det"
36,19102,4937,4678,3583,220,809,220,259,1.53161182001343,1,2505,2432,1096,907,416,31.8,653,14.3,90750,223116,0.0462504129501156,0.18371480656269,0.725744379177638,0.274255620822362,0.0445614745797043,0.0524610087097428,7.29187765849706,"phi"
150,19103,24219,22842,17468,1499,2840,2044,1377,1.5683678876598,1.8,10699,13520,6390,5231,2257,35.9,2098,8.8,73611,219188,0.0585009140767824,0.215987447871506,0.721251909657707,0.278748090342293,0.0618935546471778,0.0568561872909699,6.19348445435402,"phi"
197,19104,54311,51545,18782,22746,7637,24190,2766,2.41981427174976,4.7,26268,28043,5420,3813,1742,22.8,18259,45.3,25865,57260,0.230877687698273,0.0702067721087809,0.34582312975272,0.65417687024728,0.418810185781886,0.0509289094290291,3.62725782990554,"phi"
34,19106,12375,11578,9495,1003,798,1166,797,1.72438104003682,2,6390,5985,3080,2180,921,37.6,851,7.5,109393,228289,0.0582369365775828,0.176161616161616,0.767272727272727,0.232727272727273,0.0810505050505051,0.0644040404040404,2.74747474747475,"phi"
119,19107,13696,12993,7600,1094,3699,1295,703,1.63297245963913,3.3,6571,7125,2006,1515,710,30.7,2917,23.3,53534,134247,0.131706138231029,0.110616238317757,0.554906542056075,0.445093457943925,0.0798773364485981,0.0513288551401869,8.68866822429907,"phi"
628,19111,68263,54814,29834,15765,6907,17680,13449,2.82282490597576,3.6,32308,35955,12453,8908,4207,35.5,11866,17.6,48186,72090,0.311818440433669,0.13049529027438,0.437044958469449,0.562955041530551,0.230945021461114,0.197017417927721,9.19971287520326,"phi"
0,19112,0,0,0,0,0,0,0,NA,NA,0,0,0,0,0,NA,0,NA,NA,NA,NA,NA,NA,NA,NA,NA,NA,"phi"
249,19114,31736,28893,23991,3190,1284,3495,2843,2.41229750538959,1.1,15649,16087,8506,6227,3014,40.9,3149,10,56781,83230,0.222958346999016,0.196212503150996,0.755955381900681,0.244044618099319,0.100516763297202,0.0895828081673809,7.84597932946811,"phi"
516,19115,34479,31886,23511,3063,4475,3804,2593,2.471204329193,2.6,16064,18415,10421,8130,4248,43.3,4142,12.2,52635,95924,0.27002928734136,0.235795701731489,0.681893326372575,0.318106673627425,0.0888366831984686,0.0752051973665129,14.9656312538067,"phi"
398,19116,34912,32704,23286,2086,5849,2368,2208,2.69446067593178,3.2,16361,18551,9856,7042,3366,43.6,4672,13.6,55123,87452,0.320634341961356,0.201707149404216,0.666991292392301,0.333008707607699,0.059750229147571,0.0632447296058662,11.4000916590284,"phi"
108,19118,10919,10163,7149,2064,580,2205,756,2.2082480270575,0.9,4929,5990,2931,2229,857,44,664,6.6,85437,191557,0.113553113553114,0.204139573220991,0.654730286656287,0.345269713343713,0.189028299294807,0.0692371096254236,9.8910156607748,"phi"
259,19119,29391,28536,9199,17024,567,18392,855,2.39120787929589,0.7,13355,16036,8177,5897,2641,43.2,2959,10.4,61297,128789,0.147170085843154,0.200639651594025,0.312986968799973,0.687013031200027,0.579224932802559,0.0290905379197714,8.8122214283284,"phi"
567,19120,74971,51880,4526,37485,8273,40832,23091,3.22584073084547,3.6,35855,39116,8953,5500,1884,30.2,21719,29.1,37891,53407,0.403716767914299,0.0733616998572782,0.0603700097370983,0.939629990262902,0.499993330754558,0.30799909298262,7.56292433074122,"phi"
246,19121,30733,28787,4097,22948,1190,23940,1946,2.47848247078464,1.3,13608,17125,4960,3158,1622,27.2,14551,48.7,19668,41790,0.387495354886659,0.10275599518433,0.133309471903166,0.866690528096834,0.746689226564279,0.063319558780464,8.00442521068558,"phi"
129,19122,22187,16035,6148,8014,1336,9216,6152,2.81396617986165,3.9,11132,11055,2959,2035,902,26.8,6227,33.8,35828,61957,0.319423970971766,0.0917203767972236,0.277099202235543,0.722900797764457,0.361202505971966,0.277279487988462,5.81421553161761,"phi"
158,19123,15681,14055,7575,4579,1190,5152,1626,2.01316265460833,1.9,7876,7805,2622,1902,670,32.5,2991,19.4,73730,129691,0.122470378525742,0.121293284867037,0.48306868184427,0.51693131815573,0.292009438173586,0.103692366558255,10.0758880173458,"phi"
509,19124,68965,40362,9692,25538,3394,29418,28603,3.02496227996647,3,32749,36216,8737,5538,1725,31,23531,34.3,33427,51350,0.360627177700348,0.080301602262017,0.140535054012905,0.859464945987095,0.37030377727833,0.41474661059958,7.38055535416516,"phi"
129,19125,24674,21350,18439,971,1472,1316,3324,2.41897319220497,2.2,12739,11935,3309,2050,835,33,4314,17.5,65218,85058,0.178198524293471,0.0830834076355678,0.747304855313285,0.252695144686715,0.0393531652751885,0.134716705844208,5.22817540731134,"phi"
271,19126,15863,15094,852,12931,590,13907,769,2.60898495590524,1.2,7548,8315,3901,2809,1335,39.3,3821,25.3,41266,69133,0.332816857762628,0.177078736682847,0.0537098909411839,0.946290109058816,0.815167370610855,0.0484775893588855,17.0837798650949,"phi"
18,19127,6082,5763,4943,569,83,674,319,2.39399762752076,0.7,3376,2706,617,415,142,27.8,1383,22.9,73750,107969,0.197347718588447,0.0682341335087142,0.812726076948372,0.187273923051628,0.0935547517264058,0.0524498520223611,2.95955277869122,"phi"
255,19128,38309,36691,29456,4663,1082,5695,1618,2.368642643764,2.2,18261,20048,7895,5764,2524,34.7,3752,9.9,72563,108456,0.148511239797547,0.150460727244251,0.76890547913023,0.23109452086977,0.121720744472578,0.0422355060168629,6.65639927954267,"phi"
71,19129,10640,10259,5525,3797,463,4098,381,2.21014816503305,0,4934,5706,1758,1282,561,34.3,1529,15.6,63926,117169,0.137745674449857,0.120488721804511,0.519266917293233,0.480733082706767,0.356860902255639,0.0358082706766917,6.67293233082707,"phi"
185,19130,27410,25812,17881,5036,2009,5521,1598,1.99911884319928,2.4,13171,14239,4554,3309,1376,32.9,3388,12.6,82632,162119,0.101459895158108,0.120722364100693,0.652353155782561,0.347646844217439,0.183728566216709,0.0582998905508938,6.7493615468807,"phi"
496,19131,44972,43530,4808,36153,1563,37130,1442,2.42493178952195,2,19328,25644,9870,7265,3755,34.3,13874,33,34844,55568,0.290057074196455,0.161544961309259,0.106910966823801,0.893089033176198,0.803900204571734,0.0320643956239438,11.0290847638531,"phi"
374,19132,32196,31168,1027,29159,368,30160,1028,2.30896190753126,1.8,14847,17349,6696,4428,2094,37.2,12574,39.4,20955,43158,0.408216783216783,0.137532612746925,0.0318983724686296,0.96810162753137,0.905671511989067,0.0319294322276059,11.6163498571251,"phi"
219,19133,27419,11328,970,9524,339,10915,16091,3.04753901425845,5.9,13391,14028,4218,2589,1040,33.3,14071,51.7,19130,38981,0.4414725337935,0.0944235748933221,0.0353769284073088,0.964623071592691,0.347350377475473,0.586855829898975,7.98716218680477,"phi"
353,19134,61509,33087,21554,9701,962,12399,28422,3.06509026727181,6,29598,31911,7664,4820,1815,30.9,25033,41,28911,46705,0.382379839447211,0.0783625160545611,0.350420263701247,0.649579736298753,0.157716756897365,0.46207872018729,5.7389975450747,"phi"
243,19135,35302,27037,16012,8548,1605,9652,8265,2.9472616157388,2.4,16978,18324,5272,3407,1564,31.9,7540,21.4,44779,65488,0.360302197802198,0.0965101127414877,0.453572035578721,0.546427964421279,0.242139255566257,0.234122712594187,6.88346269333182,"phi"
485,19136,34470,29484,21972,5284,1032,6275,4986,2.55105789056304,1.4,17838,16632,6810,4478,1699,35.8,5959,18.4,48576,72246,0.270784688318121,0.129910066724688,0.637423846823325,0.362576153176675,0.153292718305773,0.144647519582245,14.0702059762112,"phi"
25,19137,8482,7756,7496,198,0,301,726,2.76640065681445,1.1,4442,4040,1415,978,380,37.2,1579,18.7,54006,76838,0.272138228941685,0.115302994576751,0.88375383164348,0.11624616835652,0.0233435510492808,0.0855930205140297,2.94741806177788,"phi"
283,19138,32399,31858,827,29675,185,30741,541,2.78185106758426,0.9,14614,17785,7598,5655,2454,38.5,7038,22.1,39851,63859,0.406924390622574,0.174542424148893,0.0255254791814562,0.974474520818544,0.915923330967005,0.0166980462359949,8.73483749498441,"phi"
461,19139,44870,43595,2540,39043,1157,40271,1275,2.62841615093433,2.4,20080,24790,8398,5840,2360,33.3,16050,36.5,28505,42736,0.3821036889332,0.130153777579675,0.0566079786048585,0.943392021395142,0.870135948295075,0.028415422331179,10.2741252507243,"phi"
438,19140,51667,30139,1555,27123,567,30595,21528,2.75854867544287,3,24630,27037,8775,5992,2562,33,21442,42,21665,43104,0.412338271141946,0.115973445332611,0.0300965800220644,0.969903419977936,0.524957903497397,0.416668279559487,8.47736466216347,"phi"
222,19141,34784,33282,1496,29251,1769,29848,1502,2.63646612979631,2.6,15735,19049,6864,4991,2130,33.2,9350,28,31018,54703,0.348106904231626,0.143485510579577,0.0430082796688132,0.956991720331187,0.840932612695492,0.0431807727690892,6.38224471021159,"phi"
323,19142,28144,27426,1672,23642,1763,24032,718,2.86918061582972,3.6,13003,15141,3749,2295,839,31,9273,33.1,30431,47247,0.414031918096959,0.081544911881751,0.0594087549744173,0.940591245025583,0.840036952814099,0.025511654349062,11.4766913018761,"phi"
496,19143,65247,62916,7578,51762,1580,53916,2331,2.53441665359887,1.9,29771,35476,12693,9118,4088,33.9,19859,30.6,33351,59220,0.292282621347922,0.139745888699864,0.116143270954986,0.883856729045014,0.793323830980735,0.035725780495655,7.60188207886953,"phi"
400,19144,42556,40886,6883,31729,893,33419,1670,2.30194596443228,2.4,19224,23332,9282,6195,2817,36.1,12302,29.8,33786,64441,0.269172405742967,0.145572892189116,0.161739825171539,0.838260174828461,0.745582291568756,0.0392424100009399,9.3993796409437,"phi"
332,19145,46623,43709,22580,13964,6289,14975,2914,2.54,1.9,22138,24485,10397,7630,3205,37.6,9889,21.4,42009,73385,0.307922627251557,0.163653132574051,0.484310318941295,0.515689681058705,0.299508826115866,0.0625013405400768,7.12094888788795,"phi"
263,19146,38873,37074,17339,16588,1691,17516,1799,2.26299463664761,1.7,18649,20224,6353,4693,1928,33.9,6753,17.5,63524,121920,0.185274896028518,0.120726468242739,0.446042240115247,0.553957759884753,0.426722918220873,0.0462789082396522,6.76562138245054,"phi"
183,19147,39060,35524,25920,3509,4936,4047,3536,2.27624099771649,2.2,19231,19829,6033,4245,1630,34.9,4350,11.2,77695,138960,0.162271123803124,0.108678955453149,0.663594470046083,0.336405529953917,0.0898361495135689,0.0905273937532002,4.68509984639017,"phi"
347,19148,52594,45065,29439,2590,11704,3636,7529,2.66728199898011,5.6,25803,26791,10563,7696,3986,36.2,11695,22.3,52584,74256,0.30223657457242,0.146328478533673,0.559740654827547,0.440259345172453,0.0492451610449861,0.143153211392935,6.59771076548656,"phi"
412,19149,59633,46309,20370,14530,9161,18498,13324,3.14126965699208,2.8,28992,30641,8554,6066,2100,32.9,13108,22.1,45126,58732,0.387019141767559,0.101722200794862,0.341589388425872,0.658410611574128,0.243657035534016,0.223433333892308,6.90892626565828,"phi"
289,19150,22492,22175,538,21046,145,21543,317,2.35648727881897,0.7,9240,13252,7073,5243,1633,45.4,2823,12.6,46150,70363,0.249769112365316,0.233105104036991,0.0239196158634181,0.976080384136582,0.935710474835497,0.0140939000533523,12.8490129823937,"phi"
349,19151,33174,31829,2150,28886,235,29607,1345,2.75587948567106,2.2,14853,18321,5768,3813,1545,34.9,6029,18.3,48369,73945,0.279891304347826,0.114939410381624,0.0648097908000241,0.935190209199976,0.870742147464882,0.0405437993609453,10.5202869717248,"phi"
328,19152,37067,32276,19798,5480,5551,6132,4791,2.72815477096332,4.3,18100,18967,9575,6938,3415,40.7,5177,14.4,52696,75594,0.308156558111742,0.187174575768204,0.534113901853401,0.465886098146599,0.147840397118731,0.129252434780263,8.84884128739849,"phi"
110,19153,13190,12273,1589,9661,537,10454,917,2.41996873275704,1.7,6063,7127,2769,1960,890,38.2,2906,22.2,42418,65132,0.419237462426831,0.148597422289613,0.120470053070508,0.879529946929492,0.732448824867324,0.0695223654283548,8.33965125094769,"phi"
252,19154,34253,31434,26708,2903,1353,3196,2819,2.72848543376791,1.6,16730,17523,7585,5417,2403,39.1,2763,8.1,65082,93803,0.250646450399624,0.158146731673138,0.779727323154176,0.220272676845824,0.084751700580971,0.0822993606399439,7.35701982308119,"phi"
